player_name,2021 (PGA Championship),2022 (PGA Championship),2023 (PGA Championship),2024 (PGA Championship),2025 (PGA Championship),rounds_played,historical_true_sg,versus_expected,ch_adjustment,experience_adjustment
"Mickelson, Phil",1,null,T58,CUT,CUT,76,1.392,0.281,null,null
"Scott, Adam",CUT,CUT,T29,CUT,T19,76,1.698,0.342,null,null
"Rose, Justin",T8,T13,T9,T6,CUT,72,1.969,0.751,null,null
"Johnson, Zach",CUT,CUT,T58,null,null,66,0.871,0.005,null,null
"McIlroy, Rory",T49,8,T7,T12,T47,66,2.405,0.421,null,null
"Poulter, Ian",T30,CUT,null,null,null,65,1.331,0.522,null,null
"Harrington, Padraig",T4,CUT,T50,CUT,CUT,60,0.504,0.204,null,null
"Furyk, Jim",null,null,null,null,null,58,1.102,-0.174,null,null
"Casey, Paul",T4,null,null,null,null,58,1.113,0.311,null,null
"Garcia, Sergio",CUT,CUT,null,null,T67,56,0.915,-0.483,null,null
"Schwartzel, Charl",CUT,T60,null,null,null,56,0.898,0.074,null,null
"Day, Jason",T44,T55,CUT,T43,CUT,56,2.101,0.649,null,null
"Fowler, Rickie",T8,T23,CUT,T63,CUT,56,1.557,0.388,null,null
"Bradley, Keegan",T17,T48,T29,T18,T8,56,1.744,0.741,null,null
"Westwood, Lee",T71,CUT,null,null,null,54,0.992,0.028,null,null
"Donald, Luke",null,null,CUT,T68,T60,54,1.073,0.399,null,null
"Stricker, Steve",T44,null,null,null,null,54,1.824,0.753,null,null
"Stenson, Henrik",T64,CUT,null,null,null,54,1.747,0.728,null,null
"Johnson, Dustin",CUT,CUT,T55,T43,CUT,54,1.663,0.2,null,null
"Woods, Tiger",null,WD,null,CUT,null,53,1.859,0.088,null,null
"Micheel, Shaun",CUT,CUT,CUT,CUT,CUT,52,-1.423,0.225,null,null
"Watson, Bubba",80,T30,null,null,null,52,0.47,-0.674,null,null
"Molinari, Francesco",null,T55,CUT,CUT,null,52,1.358,0.435,null,null
"Singh, Vijay",null,null,null,null,null,50,0.885,0.048,null,null
"Howell III, Charles",null,null,null,null,null,50,0.598,-0.08,null,null
"Matsuyama, Hideki",T23,T60,T29,T35,CUT,50,1.759,0.363,null,null
"Koepka, Brooks",T2,T55,1,T26,CUT,50,2.479,1.34,null,null
"Beem, Rich",CUT,CUT,null,CUT,null,48,-1.629,0.273,null,null
"Woodland, Gary",T38,T34,CUT,T60,CUT,48,1.077,0.368,null,null
"Lowry, Shane",T4,T23,T12,T6,CUT,48,1.355,0.591,null,null
"Els, Ernie",null,null,null,null,null,46,1.895,0.829,null,null
"Cink, Stewart",T30,T23,null,null,null,46,1.22,0.417,null,null
"Oosthuizen, Louis",T2,T60,null,null,null,46,1.224,0.471,null,null
"Kaymer, Martin",CUT,CUT,null,T73,CUT,46,0.56,0.125,null,null
"Snedeker, Brandt",null,null,null,null,null,46,1.253,0.548,null,null
"Spieth, Jordan",T30,T34,T29,T43,CUT,46,1.603,0.217,null,null
"Choi, K.J.",null,null,null,null,null,44,1.441,0.576,null,null
"Toms, David",null,null,null,null,null,44,1.745,0.952,null,null
"Yang, Y.E.",DQ,CUT,CUT,CUT,null,44,-0.425,0.28,null,null
"Dufner, Jason",CUT,CUT,null,CUT,CUT,44,0.809,0.429,null,null
"Glover, Lucas",null,T23,null,T43,T37,44,0.534,-0.108,null,null
"Moore, Ryan",null,null,null,null,null,44,0.599,-0.143,null,null
"McDowell, Graeme",null,null,null,null,null,44,0.63,-0.044,null,null
"Palmer, Ryan",CUT,CUT,null,null,null,44,0.681,0.221,null,null
"Noren, Alex",T55,CUT,CUT,T12,T17,44,0.764,0.117,null,null
"Simpson, Webb",T30,T20,CUT,null,null,44,1.07,0.05,null,null
"Horschel, Billy",T23,68,CUT,T8,null,44,1.001,0.363,null,null
"Kuchar, Matt",CUT,T34,CUT,null,null,42,1.389,0.165,null,null
"Finau, Tony",T8,T30,T72,T18,T19,42,1.487,0.208,null,null
"Reed, Patrick",T17,T34,T18,T53,CUT,42,1.547,0.571,null,null
"Ogilvy, Geoff",null,null,null,null,null,40,1.487,0.572,null,null
"Walker, Jimmy",T64,null,CUT,CUT,CUT,40,0.772,0.736,null,null
"Leishman, Marc",CUT,T34,null,null,null,40,0.975,0.159,null,null
"Henley, Russell",T71,T60,CUT,T23,CUT,40,0.606,-0.145,null,null
"Hatton, Tyrrell",T38,T13,T15,T63,T60,40,1.403,0.395,null,null
"Daly, John",CUT,CUT,null,WD,null,39,-1.919,-0.436,null,null
"Love III, Davis",null,null,null,null,null,38,-0.086,-0.196,null,null
"Jimenez, Miguel Angel",null,null,null,null,null,38,0.314,-0.073,null,null
"Perez, Pat",null,null,null,null,null,38,0.925,0.508,null,null
"Na, Kevin",CUT,T23,null,null,null,38,0.743,0.178,null,null
"Fleetwood, Tommy",CUT,T5,T18,T26,T41,38,1.227,0.012,null,null
"Clark, Tim",null,null,null,null,null,36,0.899,0.215,null,null
"Harman, Brian",CUT,T34,CUT,T26,T60,36,0.362,-0.221,null,null
"Olesen, Thorbjorn",null,null,CUT,T53,T33,36,0.864,0.539,null,null
"Thomas, Justin",CUT,1,T65,T8,CUT,36,1.919,0.309,null,null
"Smith, Cameron",T59,T13,T9,T63,CUT,36,0.682,0.09,null,null
"Clarke, Darren",null,null,null,null,null,34,-0.728,-0.506,null,null
"Senden, John",null,null,null,null,null,34,0.938,0.285,null,null
"Hoffman, Charley",T17,null,null,CUT,null,34,-0.227,-0.871,null,null
"Sabbatini, Rory",null,null,null,null,null,34,-0.554,-1.148,null,null
"O'Hair, Sean",null,null,null,null,null,34,0.554,-0.163,null,null
"Mahan, Hunter",null,null,null,null,null,34,1.152,0.021,null,null
"Kirk, Chris",CUT,T5,T29,CUT,T55,34,0.55,-0.006,null,null
"Willett, Danny",T64,null,CUT,null,null,34,-0.028,-0.386,null,null
"Haas, Bill",null,null,null,null,null,32,1.184,0.039,null,null
"Holmes, J.B.",null,null,null,null,null,32,0.644,-0.204,null,null
"Streelman, Kevin",T8,T41,null,null,null,32,0.51,0.083,null,null
"Steele, Brendan",77,T9,CUT,null,null,32,1.148,0.647,null,null
"English, Harris",T64,null,CUT,T18,T2,32,1.024,0.201,null,null
"Cantlay, Patrick",T23,CUT,T9,T53,CUT,32,1.359,-0.111,null,null
"Rahm, Jon",T8,T48,T50,CUT,T8,32,1.662,-0.309,null,null
"Schauffele, Xander",CUT,T13,T18,1,T28,32,1.973,0.348,null,null
"Jacobson, Freddie",null,null,null,null,null,30,0.411,-0.218,null,null
"Hanson, Peter",null,null,null,null,null,30,0.972,0.364,null,null
"Curtis, Ben",null,null,null,null,null,30,1.344,1.158,null,null
"Reavie, Chez",CUT,null,T40,null,null,30,0.957,0.759,null,null
"Fisher, Ross",null,null,null,null,null,30,0.164,-0.417,null,null
"Grace, Branden",T38,CUT,null,null,null,30,1.307,0.658,null,null
"Kokrak, Jason",T49,T60,null,null,null,30,0.734,0.114,null,null
"Grillo, Emiliano",T38,null,CUT,CUT,null,30,0.712,0.075,null,null
"Hadwin, Adam",T64,T71,T40,T60,CUT,30,-0.134,-0.538,null,null
"An, Byeong Hun",T49,null,null,T43,74,30,0.385,-0.316,null,null
"Berger, Daniel",T75,CUT,null,null,T33,30,0.436,-0.679,null,null
"Fitzpatrick, Matt",T23,T5,CUT,CUT,T8,30,1.172,0.276,null,null
"Goosen, Retief",null,null,null,null,null,29,1.404,0.228,null,null
"Immelman, Trevor",null,null,null,null,null,28,1.557,0.94,null,null
"Jaidee, Thongchai",null,null,null,null,null,28,-1.153,-1.272,null,null
"Cabrera Bello, Rafa",null,null,null,null,null,28,0.118,-0.425,null,null
"Piercy, Scott",null,null,null,null,null,28,0.956,0.551,null,null
"Watney, Nick",null,null,null,null,null,28,0.504,-0.266,null,null
"DeChambeau, Bryson",T38,null,T4,2,T2,28,2.457,1.068,null,null
"Wallace, Matt",T55,null,T65,T43,T17,28,1.174,0.835,null,null
"Karlsson, Robert",null,null,null,null,null,26,1.696,0.914,null,null
"Small, Mike",null,null,null,null,null,26,-1.916,0.164,null,null
"Allenby, Robert",null,null,null,null,null,26,1.456,0.375,null,null
"Kelly, Jerry",null,null,null,null,null,26,-0.018,-0.459,null,null
"Appleby, Stuart",null,null,null,null,null,26,1.389,0.441,null,null
"Bjorn, Thomas",null,null,null,null,null,26,-0.162,-0.289,null,null
"Henry, J.J.",null,null,null,null,null,26,0.396,0.121,null,null
"Campbell, Chad",null,null,null,null,null,26,1.018,0.398,null,null
"Pettersson, Carl",null,null,null,null,null,26,0.654,0.11,null,null
"Jones, Matt",T30,CUT,null,null,null,26,0.363,-0.082,null,null
"Luiten, Joost",null,null,null,null,null,26,0.802,0.429,null,null
"Kisner, Kevin",CUT,CUT,CUT,null,null,26,0.747,0.359,null,null
"Fox, Ryan",null,54,T23,75,T28,26,0.825,0.367,null,null
"Niemann, Joaquin",T30,T23,CUT,T39,T8,26,0.94,-0.205,null,null
"Perry, Kenny",null,null,null,null,null,25,0.849,-0.092,null,null
"Crane, Ben",null,null,null,null,null,25,0.762,0.144,null,null
"Kim, Si Woo",CUT,T60,CUT,CUT,T8,25,0.022,-0.64,null,null
"Verplank, Scott",null,null,null,null,null,24,0.875,-0.097,null,null
"Montgomerie, Colin",null,null,null,null,null,24,-1.718,-1.475,null,null
"Austin, Woody",null,null,null,null,null,24,1.139,0.629,null,null
"Ames, Stephen",null,null,null,null,null,24,0.971,0.097,null,null
"Flesch, Steve",null,null,null,null,null,24,2.19,1.781,null,null
"De Jonge, Brendon",null,null,null,null,null,24,1.011,0.402,null,null
"Villegas, Camilo",null,null,null,CUT,null,24,0.978,0.416,null,null
"Wiesberger, Bernd",CUT,T30,null,null,null,24,0.593,0.165,null,null
"Pieters, Thomas",CUT,T71,T40,null,null,24,-0.161,-0.714,null,null
"Homa, Max",CUT,T13,T55,T35,T60,24,0.473,-0.269,null,null
"Conners, Corey",T17,CUT,T12,T26,T19,24,1.167,0.12,null,null
"Hovland, Viktor",T30,T41,T2,3,T28,24,2.445,1.031,null,null
"Morikawa, Collin",T8,T55,T26,T4,T50,24,2.112,0.605,null,null
"Gay, Brian",81,null,null,null,null,23,-1.122,-0.92,null,null
"Van Pelt, Bo",null,null,null,null,null,23,0.861,-0.269,null,null
"Weekley, Boo",null,null,null,null,null,23,1.487,0.864,null,null
"Brooks, Mark",null,null,null,null,null,22,-2.955,-0.911,null,null
"Leonard, Justin",null,null,null,null,null,22,0.779,-0.098,null,null
"Cabrera, Angel",null,null,null,null,null,22,-1.016,-1.615,null,null
"Baddeley, Aaron",null,null,null,null,null,22,0.98,0.503,null,null
"Slocum, Heath",null,null,null,null,null,22,0.939,0.447,null,null
"Larrazabal, Pablo",null,CUT,T65,null,null,22,-1.69,-1.387,null,null
"Wood, Chris",null,null,null,null,null,22,-0.382,-0.731,null,null
"Vegas, Jhonattan",null,CUT,null,null,T5,22,0.249,-0.102,null,null
"Tringale, Cameron",CUT,T41,null,null,null,22,-0.586,-1.013,null,null
"Hoge, Tom",T64,T9,T58,T23,CUT,22,1.034,0.58,null,null
"Varner III, Harold",T49,T48,T29,null,null,22,1.073,0.461,null,null
"Herbert, Lucas",T71,T13,T40,T43,null,22,0.759,0.781,null,null
"Scheffler, Scottie",T8,CUT,T2,T8,1,22,3.105,0.908,null,null
"McCarthy, Denny",T59,T48,T29,CUT,T8,22,0.898,0.349,null,null
"MacIntyre, Robert",T49,77,CUT,T8,T47,22,0.282,-0.161,null,null
"Tway, Bob",null,null,null,null,null,20,0.084,0.094,null,null
"Lehman, Tom",null,null,null,null,null,20,-0.224,-0.499,null,null
"Green, Richard",null,null,null,null,null,20,0.012,-0.552,null,null
"Sutherland, Kevin",null,null,null,null,null,20,0.387,-0.095,null,null
"Weir, Mike",null,null,null,null,null,20,0.701,-0.073,null,null
"Hansen, Anders",null,null,null,null,null,20,1.647,1.243,null,null
"Fdez-Castano, Gonzalo",null,null,null,null,null,20,0.383,0.113,null,null
"Laird, Martin",T23,null,null,null,null,20,0.735,0.24,null,null
"Ishikawa, Ryo",null,null,null,null,null,20,-0.253,0.061,null,null
"Chappell, Kevin",null,null,null,null,null,20,0.694,-0.14,null,null
"Hossler, Beau",null,T69,T40,CUT,T19,20,0.603,0.546,null,null
"Poston, J.T.",CUT,null,T40,CUT,T5,20,0.336,-0.173,null,null
"Kitayama, Kurt",CUT,null,T4,T26,CUT,20,0.986,0.771,null,null
"Aphibarnrat, Kiradech",null,null,null,null,null,19,0.436,0.48,null,null
"Pavin, Corey",null,null,null,null,null,18,-0.335,-0.274,null,null
"Duke, Ken",null,null,null,null,null,18,1.163,0.745,null,null
"Elkington, Steve",null,null,null,null,null,18,1.28,0.836,null,null
"Campbell, Michael",null,null,null,null,null,18,0.389,0.74,null,null
"Davis, Brian",null,null,null,null,null,18,0.5,0.321,null,null
"Pampling, Rod",null,null,null,null,null,18,-0.705,-1.386,null,null
"Rollins, John",null,null,null,null,null,18,0.594,0.052,null,null
"Bohn, Jason",null,null,null,null,null,18,0.254,0.048,null,null
"Points, D.A.",null,null,null,null,null,18,1.163,1.055,null,null
"Kim, K.T.",null,null,null,null,null,18,-0.036,-0.428,null,null
"List, Luke",null,T41,null,CUT,null,18,0.813,0.112,null,null
"Sowards, Bob",null,null,null,null,CUT,18,-3.036,-0.019,null,null
"Lee, Danny",null,null,null,null,null,18,0.338,-0.134,null,null
"Todd, Brendon",CUT,null,CUT,78,null,18,-0.727,-1.138,null,null
"Lahiri, Anirban",null,CUT,CUT,null,null,18,0.081,-0.23,null,null
"Knox, Russell",null,CUT,null,null,null,18,0.353,-0.275,null,null
"Dahmen, Joel",T55,CUT,T69,null,null,18,0.381,0.042,null,null
"Mitchell, Keith",null,T34,T58,CUT,CUT,18,0.504,-0.052,null,null
"Im, Sungjae",T17,null,CUT,CUT,CUT,18,-0.079,-0.871,null,null
"Van Rooyen, Erik",CUT,CUT,null,T53,CUT,18,0.103,-0.353,null,null
"Davis, Cam",T59,T48,T4,CUT,T19,18,1.179,0.77,null,null
"Ancer, Abraham",T8,T9,CUT,null,null,18,1.542,0.596,null,null
"Hamilton, Todd",null,null,null,null,null,16,-0.003,0.323,null,null
"Olazabal, Jose Maria",null,null,null,null,null,16,-1.45,-1.57,null,null
"Fasth, Niclas",null,null,null,null,null,16,0.141,-0.338,null,null
"DiMarco, Chris",null,null,null,null,null,16,1.627,1.044,null,null
"Fujita, Hiroyuki",null,null,null,null,null,16,-0.445,-0.1,null,null
"Gallacher, Stephen",null,null,null,null,null,16,-0.747,-1.008,null,null
"Kjeldsen, Soren",null,null,null,null,null,16,0.758,0.374,null,null
"Dyson, Simon",null,null,null,null,null,16,1.538,1.341,null,null
"Taylor, Vaughn",null,null,null,null,null,16,0.299,-0.021,null,null
"Donaldson, Jamie",null,null,null,null,null,16,0.607,0.195,null,null
"Labritz, Rob",CUT,null,null,null,null,16,-1.528,0.69,null,null
"Ikeda, Yuta",null,null,null,null,null,16,0.507,0.694,null,null
"Stroud, Chris",null,null,null,null,null,16,0.46,0.45,null,null
"Coetzee, George",CUT,null,null,null,null,16,0.26,0.381,null,null
"Kim, Anthony",null,null,null,null,null,16,0.335,-0.791,null,null
"Frittelli, Dylan",CUT,null,null,null,null,16,0.628,0.315,null,null
"Block, Michael",null,CUT,T15,CUT,CUT,16,-2.351,0.804,null,null
"Merritt, Troy",null,T41,null,null,null,16,-0.3,-0.323,null,null
"Burmester, Dean",T59,CUT,54,T12,CUT,16,0.555,0.022,null,null
"Putnam, Andrew",null,null,CUT,T53,null,16,-0.169,-0.182,null,null
"Lingmerth, David",null,null,CUT,null,null,16,0.787,0.329,null,null
"Streb, Robert",T59,null,null,null,null,16,2.204,1.73,null,null
"Balin, Daniel",CUT,null,null,null,null,16,-3.628,-0.314,null,null
"Hughes, Mackenzie",CUT,CUT,CUT,CUT,CUT,16,-0.922,-1.238,null,null
"Straka, Sepp",null,78,T7,CUT,CUT,16,0.232,-0.299,null,null
"Spaun, J.J.",null,CUT,CUT,null,T37,16,0.602,0.101,null,null
"Bezuidenhout, Christiaan",T30,CUT,CUT,CUT,T50,16,0.537,0.07,null,null
"Gooch, Talor",T44,T20,CUT,T60,null,16,0.764,0.044,null,null
"McNealy, Maverick",CUT,T75,CUT,T23,T33,16,0.229,-0.333,null,null
"Burns, Sam",null,T20,CUT,CUT,T19,16,0.791,-0.017,null,null
"Wise, Aaron",T17,T23,CUT,null,null,16,0.635,-0.16,null,null
"Sterne, Richard",null,null,null,null,null,15,0.666,0.618,null,null
"Azinger, Paul",null,null,null,null,null,14,-0.456,0.234,null,null
"Schneiter, Steve",null,null,null,null,null,14,-1.753,0.688,null,null
"Mayfair, Billy",null,null,null,null,null,14,0.458,-0.161,null,null
"Katayama, Shingo",null,null,null,null,null,14,0.522,1.072,null,null
"Quigley, Brett",null,null,null,null,null,14,0.103,-0.35,null,null
"McGinley, Paul",null,null,null,null,null,14,0.879,0.704,null,null
"Howell, David",null,null,null,null,null,14,-0.536,-1.067,null,null
"Wi, Charlie",null,null,null,null,null,14,0.107,-0.164,null,null
"O'Hern, Nick",null,null,null,null,null,14,0.262,-0.584,null,null
"Jones, Brendan",null,null,null,null,null,14,-1.323,-1.105,null,null
"Oberholser, Arron",null,null,null,null,null,14,2.097,1.44,null,null
"Byrd, Jonathan",null,null,null,null,null,14,0.216,-0.342,null,null
"Tanihara, Hideto",null,null,null,null,null,14,0.229,0.344,null,null
"Trahan, D.J.",null,null,null,null,null,14,-0.238,-0.796,null,null
"Romero, Andres",null,null,null,null,null,14,0.602,0.182,null,null
"Perry, Rod",null,null,null,null,null,14,-4.431,-0.929,null,null
"Merrick, John",null,null,null,null,null,14,1.207,0.787,null,null
"Noh, S.Y.",null,null,null,null,null,14,1.383,1.075,null,null
"Brown, Scott",null,null,null,null,null,14,0.157,0.222,null,null
"Stallings, Scott",null,CUT,CUT,null,null,14,-0.734,-0.717,null,null
"Cauley, Bud",null,null,null,null,T72,14,0.301,-0.254,null,null
"Zalatoris, Will",T8,2,null,T43,CUT,14,1.835,0.776,null,null
"Perez, Victor",CUT,null,T12,CUT,CUT,14,0.699,0.569,null,null
"Hojgaard, Nicolai",null,CUT,T50,T68,T41,14,-0.023,-0.281,null,null
"Clark, Wyndham",T75,null,CUT,CUT,T50,14,-0.434,-1.07,null,null
"Hojgaard, Rasmus",79,null,CUT,T68,T67,14,-0.524,-0.743,null,null
"Kim, Tom",null,CUT,CUT,T26,71,14,-0.828,-1.147,null,null
"Young, Cameron",null,T3,CUT,T63,T47,14,1.112,0.175,null,null
"Calcavecchia, Mark",null,null,null,null,null,13,-0.769,-0.949,null,null
"Kizzire, Patton",null,T75,null,null,WD,13,-0.241,-0.215,null,null
"Couples, Fred",null,null,null,null,null,12,0.392,-0.37,null,null
"Funk, Fred",null,null,null,null,null,12,0.677,0.098,null,null
"Haas, Jay",null,null,null,null,null,12,-0.305,-0.648,null,null
"Estes, Bob",null,null,null,null,null,12,-0.03,-0.489,null,null
"Sullivan, Chip",null,null,null,null,null,12,-3.103,-1.172,null,null
"Pernice Jr., Tom",null,null,null,null,null,12,0.001,-0.457,null,null
"Goydos, Paul",null,null,null,null,null,12,-0.173,0.069,null,null
"Singh, Jeev Milkha",null,null,null,null,null,12,0.063,-0.2,null,null
"Uresti, Omar",CUT,null,null,null,null,12,-3.757,-0.889,null,null
"Herron, Tim",null,null,null,null,null,12,-0.52,-1.036,null,null
"Green, Nathan",null,null,null,null,null,12,0.705,0.477,null,null
"Riley, Chris",null,null,null,null,null,12,1.503,1.543,null,null
"McNeill, George",null,null,null,null,null,12,-1.159,-1.14,null,null
"Garrigus, Robert",null,null,null,null,null,12,1.391,0.896,null,null
"Molinari, Edoardo",null,null,null,null,null,12,0.467,-0.106,null,null
"Fraser, Marcus",null,null,null,null,null,12,0.195,0.255,null,null
"Molder, Bryce",null,null,null,null,null,12,0.698,0.313,null,null
"Vermeer, Ryan",null,null,null,null,null,12,-2.993,0.506,null,null
"Dobyns, Matt",null,null,null,null,null,12,-3.312,-0.909,null,null
"Warren, Marc",null,null,null,null,null,12,2.096,1.861,null,null
"Kang, Sung",null,null,null,null,null,12,0.867,0.49,null,null
"Blixt, Jonas",null,null,null,null,null,12,1.123,1.038,null,null
"Lorenzo-Vera, Michael",null,null,null,null,null,12,0.979,0.737,null,null
"Overton, Jeff",null,null,null,null,null,12,-0.292,-1.145,null,null
"Hahn, James",null,null,null,null,null,12,0.452,0.061,null,null
"Manassero, Matteo",null,null,null,null,null,12,-0.932,-1.406,null,null
"Summerhays, Daniel",null,null,null,null,null,12,1.384,1.064,null,null
"Herman, Jim",CUT,null,null,null,null,12,-0.512,-0.197,null,null
"Taylor, Nick",null,null,CUT,CUT,CUT,12,-1.15,-1.127,null,null
"Detry, Thomas",CUT,null,T40,T4,CUT,12,1.265,0.91,null,null
"Jertson, Marty",null,null,null,null,null,12,-4.098,-0.727,null,null
"Stone, Brandon",CUT,null,null,null,null,12,-2.309,-1.911,null,null
"Sullivan, Andy",CUT,null,null,null,null,12,-0.507,-1.028,null,null
"Hubbard, Mark",null,null,75,T26,null,12,0.156,-0.057,null,null
"Jaeger, Stephan",null,null,T50,76,70,12,-0.416,-1.248,null,null
"Lee, Min Woo",null,CUT,T18,T26,CUT,12,1.146,0.53,null,null
"Smith, Jordan",null,null,CUT,T39,null,12,1.223,0.932,null,null
"Moore, Taylor",null,null,T72,T12,T19,12,1.167,0.367,null,null
"Champ, Cameron",CUT,CUT,null,null,null,12,-0.058,-0.556,null,null
"Beach, Alex",null,null,null,null,null,12,-4.029,-0.5,null,null
"Lee, K.H.",CUT,T41,T29,WD,null,11,0.246,-0.409,null,null
"Li, Haotong",null,null,null,null,null,11,1.371,1.072,null,null
"Sluman, Jeff",null,null,null,null,null,10,-0.886,-1.303,null,null
"Langer, Bernhard",null,null,null,null,null,10,-0.266,-0.672,null,null
"Allen, Michael",null,null,null,null,null,10,0.358,0.008,null,null
"Mediate, Rocco",null,null,null,null,null,10,-1.672,-1.276,null,null
"Coston, Jeff",null,null,null,null,null,10,-1.57,0.285,null,null
"Bryant, Bart",null,null,null,null,null,10,-0.089,-0.511,null,null
"Durant, Joe",null,null,null,null,null,10,0.792,0.231,null,null
"McCarron, Scott",null,null,null,null,null,10,0.822,0.683,null,null
"Taniguchi, Toru",null,null,null,null,null,10,-1.495,-0.429,null,null
"Wilson, Mark",null,null,null,null,null,10,0.797,0.295,null,null
"Lonard, Peter",null,null,null,null,null,10,-0.678,-1.359,null,null
"Wilson, Dean",null,null,null,null,null,10,0.941,0.749,null,null
"Purdy, Ted",null,null,null,null,null,10,0.242,-0.029,null,null
"Frazar, Harrison",null,null,null,null,null,10,1.2,1.03,null,null
"Hebert, Scott",null,null,null,null,null,10,-2.734,-0.156,null,null
"Baird, Briny",null,null,null,null,null,10,0.911,0.169,null,null
"Ogilvie, Joe",null,null,null,null,null,10,1.201,0.887,null,null
"Hansen, Soren",null,null,null,null,null,10,-0.767,-1.286,null,null
"Gaffney, Brian",null,null,null,null,null,10,-2.677,0.651,null,null
"Edfors, Johan",null,null,null,null,null,10,-1.676,-1.388,null,null
"Ilonen, Mikko",null,null,null,null,null,10,1.444,1.58,null,null
"Siem, Marcel",null,null,null,null,null,10,0.896,0.417,null,null
"Dougherty, Nick",null,null,null,null,null,10,-2.743,-2.847,null,null
"Marino, Steve",null,null,null,null,null,10,-1.359,-1.934,null,null
"Quiros, Alvaro",null,null,null,null,null,10,-0.268,-0.643,null,null
"Bourdy, Gregory",null,null,null,null,null,10,0.699,0.526,null,null
"Oda, Koumei",null,null,null,null,null,10,-0.56,-0.283,null,null
"Bae, Sangmoon",null,null,null,null,null,10,0.396,0.458,null,null
"Every, Matt",null,null,null,null,null,10,-1.846,-1.839,null,null
"Dubuisson, Victor",null,null,null,null,null,10,2.245,1.916,null,null
"DeLaet, Graham",null,null,null,null,null,10,2.3,1.425,null,null
"Harding, Justin",null,T71,null,null,null,10,-0.102,-0.136,null,null
"Stanley, Kyle",null,null,null,null,null,10,-1.791,-2.472,null,null
"Benzel, Ryan",null,null,null,null,null,10,-3.168,-0.45,null,null
"Castro, Roberto",null,null,null,null,null,10,1.029,0.613,null,null
"Thompson, Michael",null,null,null,null,null,10,0.079,-0.109,null,null
"Kodaira, Satoshi",null,null,null,null,null,10,0.142,0.547,null,null
"Hadley, Chesson",null,null,null,null,null,10,-1.316,-1.099,null,null
"Levy, Alexander",null,null,null,null,null,10,-0.239,-0.346,null,null
"Otaegui, Adrian",null,null,CUT,CUT,null,10,-0.249,-0.122,null,null
"Griffin, Lanto",CUT,T60,null,null,null,10,0.765,0.245,null,null
"Long, Adam",CUT,null,null,null,null,10,0.263,0.286,null,null
"Kraft, Kelly",null,null,null,null,null,10,0.181,0.571,null,null
"Rodgers, Patrick",null,null,T29,CUT,CUT,10,-1.257,-1.599,null,null
"Muttitt, David",null,null,null,null,null,10,-3.786,-0.804,null,null
"Pendrith, Taylor",null,null,T29,CUT,T5,10,1.608,1.186,null,null
"Smalley, Alex",null,null,T23,CUT,T28,10,1.008,0.592,null,null
"Rai, Aaron",CUT,null,null,T39,T19,10,0.756,0.212,null,null
"Hoshino, Rikuya",CUT,T60,T62,null,null,10,-0.834,-0.783,null,null
"Berberian, Jr., Rich",null,null,null,null,null,10,-2.987,-0.16,null,null
"Riley, Davis",null,T13,CUT,null,T2,10,2.177,2.039,null,null
"Cole, Eric",null,null,T15,CUT,T41,10,1.408,1.079,null,null
"Higgo, Garrick",T64,CUT,null,null,T55,10,-0.255,-0.104,null,null
"Hodges, Lee",null,null,T55,T12,CUT,10,0.809,0.673,null,null
"Faxon, Brad",null,null,null,null,null,8,0.881,0.569,null,null
"Andrade, Billy",null,null,null,null,null,8,-0.533,-0.906,null,null
"Lowery, Steve",null,null,null,null,null,8,-1.218,-1.334,null,null
"Parnevik, Jesper",null,null,null,null,null,8,0.666,0.121,null,null
"Forsyth, Alastair",null,null,null,null,null,8,0.688,1.112,null,null
"Chopra, Daniel",null,null,null,null,null,8,0.227,-0.157,null,null
"Levet, Thomas",null,null,null,null,null,8,0.241,-0.067,null,null
"Petrovic, Tim",null,null,null,null,null,8,-2.085,-2.372,null,null
"Lewis, J.L.",null,null,null,null,null,8,1.364,1.051,null,null
"Franco, Carlos",null,null,null,null,null,8,1.114,0.269,null,null
"Thelen, Tim",null,null,null,null,null,8,-1.739,0.947,null,null
"Skinner, Sonny",CUT,null,null,null,null,8,-4.077,-0.837,null,null
"Thomas, Craig",null,null,null,null,null,8,-2.198,1.222,null,null
"Webster, Steve",null,null,null,null,null,8,-0.458,-0.801,null,null
"Jacquelin, Raphael",null,null,null,null,null,8,-0.691,-0.779,null,null
"Lynn, David",null,null,null,null,null,8,2.919,2.741,null,null
"Hensby, Mark",null,null,null,null,null,8,-0.011,-0.967,null,null
"Dredge, Bradley",null,null,null,null,null,8,-0.563,-0.746,null,null
"Imada, Ryuji",null,null,null,null,null,8,-2.177,-2.213,null,null
"Liang, WC",null,null,null,null,null,8,1.013,1.193,null,null
"Colsaerts, Nicolas",null,null,null,null,null,8,-0.853,-1.37,null,null
"Lowe, Mitch",null,null,null,null,null,8,-3.845,-0.254,null,null
"Weinhart, Tim",null,null,null,null,null,8,-3.066,-0.281,null,null
"Sheehan, Patrick",null,null,null,null,null,8,0.989,0.966,null,null
"Ho, S.K.",null,null,null,null,null,8,-1.744,-1.248,null,null
"Hearn, David",null,null,null,null,null,8,0.244,-0.041,null,null
"MacKenzie, Will",null,null,null,null,null,8,-1.17,-1.1,null,null
"Stadler, Kevin",null,null,null,null,null,8,-0.442,-0.812,null,null
"Norris, Shaun",null,T71,null,null,null,8,-0.552,0.155,null,null
"Morin, Alan",null,null,null,null,null,8,-4.315,-1.38,null,null
"Mitchum, Kelly",null,null,null,null,null,8,-3.156,-0.872,null,null
"Wagner, Johnson",null,null,null,null,null,8,0.512,0.369,null,null
"Brown, Mark R.",null,null,null,null,null,8,-5.333,-1.534,null,null
"Matteson, Troy",null,null,null,null,null,8,0.565,0.181,null,null
"Philo, Jr., Ron",null,null,null,null,null,8,-2.084,0.774,null,null
"Wilson, Oliver",null,null,null,null,null,8,-0.221,-0.643,null,null
"Yrene, Don",null,null,null,null,null,8,-2.523,-1.146,null,null
"Kok, Johan",null,null,null,null,null,8,-2.976,0.464,null,null
"Mallinger, John",null,null,null,null,null,8,0.063,-0.276,null,null
"Power, Seamus",null,T9,CUT,null,CUT,8,0.856,0.172,null,null
"Lovemark, Jamie",null,null,null,null,null,8,-0.353,-1.073,null,null
"Garnett, Brice",null,null,null,T35,null,8,1.127,1.434,null,null
"Bisconti, Gregory",null,null,null,null,null,8,-2.396,0.498,null,null
"Gainey, Tommy",null,null,null,null,null,8,-1.906,-1.384,null,null
"McGirt, William",null,null,null,null,null,8,0.926,0.469,null,null
"Stuard, Brian",null,null,null,null,null,8,-0.698,-0.373,null,null
"Svensson, Adam",null,null,T40,T43,null,8,1.043,0.736,null,null
"Janewattananond, Jazz",CUT,null,null,null,null,8,-0.087,0.14,null,null
"Huh, John",null,null,null,null,null,8,-1.264,-1.506,null,null
"Murray, Grayson",null,null,null,T43,null,8,1.583,1.459,null,null
"Ortiz, Carlos",T55,CUT,null,null,null,8,-0.752,-1.146,null,null
"Bjork, Alexander",null,null,null,T39,null,8,-1.238,-1.02,null,null
"Kim, Chan",T23,CUT,null,null,null,8,0.998,1.471,null,null
"Pepperell, Eddie",null,null,null,null,null,8,-1.474,-1.497,null,null
"Lewis, Tom",T71,null,null,null,null,8,-0.416,-0.752,null,null
"Van Tonder, Daniel",T44,CUT,null,null,CUT,8,-0.184,0.412,null,null
"Kim, Michael",null,null,null,null,T55,8,-1.006,-0.755,null,null
"Lawrence, Thriston",null,null,T62,CUT,CUT,8,-1.48,-0.911,null,null
"Werenski, Richy",T38,null,null,null,null,8,0.459,0.226,null,null
"Pereira, Mito",null,T3,T18,null,null,8,2.821,1.898,null,null
"Schenk, Adam",null,T41,CUT,CUT,null,8,-0.377,-0.548,null,null
"Kanaya, Takumi",CUT,CUT,null,CUT,CUT,8,-2.702,-2.478,null,null
"Polland, Ben",CUT,null,null,CUT,null,8,-1.751,0.478,null,null
"Munoz, Sebastian",CUT,T55,null,null,null,8,0.04,-0.627,null,null
"Worthington II, Wyatt",null,null,null,null,null,8,-4.376,-0.951,null,null
"Hisatsune, Ryo",null,null,null,T18,T37,8,1.809,1.491,null,null
"Theegala, Sahith",null,null,T40,T12,null,8,1.793,0.628,null,null
"Cook, Ben",null,null,null,null,null,8,-0.166,3.023,null,null
"Stevens, Sam",null,null,T72,null,T60,8,-0.475,-1.054,null,null
"Eckroat, Austin",null,null,null,T18,T67,8,1.059,0.616,null,null
"Collet, Tyler",null,null,null,null,null,8,-4.327,-0.717,null,null
"Cejka, Alex",null,CUT,null,null,null,7,-1.096,-0.713,null,null
"Griffin, Ben",null,null,CUT,WD,T8,7,1.112,0.588,null,null
"Johnson, Richard S.",null,null,null,null,null,6,-1.984,-1.963,null,null
"Hend, Scott",null,null,null,null,null,6,0.874,0.896,null,null
"Leaney, Stephen",null,null,null,null,null,6,-1.549,-1.947,null,null
"Chalmers, Greg",null,null,null,null,null,6,0.277,0.358,null,null
"Hiratsuka, Tetsuji",null,null,null,null,null,6,-1.937,-1.647,null,null
"Bland, Richard",null,CUT,null,null,T37,6,0.055,0.374,null,null
"Barnes, Ricky",null,null,null,null,null,6,-0.056,-0.441,null,null
"Sim, Michael",null,null,null,null,null,6,0.607,0.215,null,null
"Levin, Spencer",null,null,null,null,null,6,0.584,0.117,null,null
"Potter Jr, Ted",null,null,null,null,null,6,-0.105,-0.009,null,null
"Zanotti, Fabrizio",null,null,null,null,null,6,-0.328,-0.382,null,null
"Morrison, James",null,null,null,null,null,6,-3.052,-2.766,null,null
"Horsey, David",null,null,null,null,null,6,0.502,0.717,null,null
"Uihlein, Peter",null,null,null,null,null,6,-0.572,-0.923,null,null
"Landry, Andrew",null,null,null,null,null,6,0.401,0.417,null,null
"Campillo, Jorge",null,null,null,null,null,6,-4.752,-4.534,null,null
"Higgs, Harry",T4,CUT,null,null,null,6,1.797,1.84,null,null
"Meronk, Adrian",null,null,T40,CUT,null,6,0.57,0.071,null,null
"Swafford, Hudson",CUT,CUT,null,null,null,6,-1.163,-0.871,null,null
"Canter, Laurie",null,T48,null,null,CUT,6,-0.205,-0.321,null,null
"Malnati, Peter",CUT,null,null,CUT,null,6,-0.609,0.045,null,null
"Pan, C.T.",null,null,null,CUT,null,6,-1.095,-0.945,null,null
"Song, Younghan",null,null,null,null,null,6,-0.959,-0.706,null,null
"Blair, Zac",null,null,null,T53,null,6,0.197,0.963,null,null
"Suri, Julian",null,null,null,null,null,6,1.26,0.754,null,null
"Wells, Jeremy",null,null,CUT,77,null,6,-2.353,1.394,null,null
"Horsfield, Sam",T49,CUT,null,null,null,6,-0.036,-0.342,null,null
"Pavon, Matthieu",null,null,null,CUT,T41,6,-1.077,-0.815,null,null
"Echavarria, Nico",null,null,CUT,null,T41,6,0.29,0.638,null,null
"Arnaus, Adri",null,T30,CUT,null,null,6,1.184,1.363,null,null
"Valimaki, Sami",CUT,null,null,CUT,CUT,6,-1.714,-1.442,null,null
"Wolff, Matthew",null,CUT,null,null,null,6,0.865,0.434,null,null
"Somers, John",null,null,CUT,CUT,CUT,6,-3.717,0.249,null,null
"Koch, Greg",null,null,null,null,null,6,-4.848,-1.448,null,null
"Puig, David",null,null,null,CUT,T60,6,-0.41,-0.988,null,null
"Shattuck, Braden",null,null,null,null,null,6,-1.187,1.488,null,null
"Johnston, Andrew",null,null,null,null,null,5,-0.282,-0.691,null,null
"Browne, Olin",null,null,null,null,null,4,0.782,0.757,null,null
"Brown, Mark",null,null,null,null,null,4,2.047,2.865,null,null
"Kaye, Jonathan",null,null,null,null,null,4,-3.347,-3.583,null,null
"Goggin, Mathew",null,null,null,null,null,4,-1.507,-1.972,null,null
"Atwal, Arjun",null,null,null,null,null,4,-2.853,-2.458,null,null
"Bowditch, Steven",null,null,null,null,null,4,-1.029,-1.439,null,null
"Aiken, Thomas",null,null,null,null,null,4,-0.831,-0.68,null,null
"Han, Seungsu",null,null,null,null,null,4,0.802,0.964,null,null
"Teater, Josh",null,null,null,null,null,4,1.018,0.6,null,null
"Armour, Ryan",null,null,null,null,null,4,-0.427,-0.26,null,null
"Gomez, Fabian",null,null,null,null,null,4,-3.995,-3.334,null,null
"Iwata, Hiroshi",null,null,null,null,null,4,2.327,3.142,null,null
"Korhonen, Mikko",null,null,null,null,null,4,-1.427,-1.304,null,null
"Mueller, Jesse",null,null,null,null,null,4,-1.364,1.324,null,null
"Thompson, Nicholas",null,null,null,null,null,4,2.047,1.839,null,null
"Lashley, Nate",null,null,null,null,null,4,1.131,1.485,null,null
"Burgoon, Bronson",null,null,null,null,null,4,0.753,1.221,null,null
"Reifers, Kyle",null,null,null,null,null,4,1.745,1.304,null,null
"Ramsay, Richie",null,null,null,null,null,4,-0.996,-0.73,null,null
"Jamieson, Scott",null,null,null,null,null,4,1.768,2.958,null,null
"Bjerregaard, Lucas",null,null,null,null,null,4,2.003,1.488,null,null
"McGowan, Ross",null,null,null,null,null,4,-1.125,-0.742,null,null
"Scrivener, Jason",T23,null,null,null,null,4,2.029,2.219,null,null
"Campos, Rafael",null,null,null,null,T55,4,0.416,1.373,null,null
"Tway, Kevin",null,null,null,null,null,4,-0.497,-0.821,null,null
"Kim, Sihwan",null,null,T62,null,null,4,-0.115,2.673,null,null
"Imahira, Shugo",null,null,null,null,null,4,-0.677,-0.448,null,null
"Martin, Ben",null,null,null,null,null,4,-1.779,-2.105,null,null
"Hoffmann, Morgan",null,null,null,null,null,4,-1.423,-1.625,null,null
"Wang, Jeunghun",null,null,null,null,null,4,-1.34,-0.868,null,null
"Hocknull, Craig",null,null,null,null,null,4,-4.677,-1.599,null,null
"Guthrie, Luke",null,null,null,null,null,4,1.018,0.947,null,null
"Higa, Kazuki",null,null,76,null,null,4,-2.365,-1.583,null,null
"Lipsky, David",null,null,null,null,null,4,-0.247,-0.249,null,null
"Kohles, Ben",null,null,null,T26,null,4,1.701,1.963,null,null
"NeSmith, Matt",null,null,T23,null,null,4,1.885,1.614,null,null
"Tosti, Alejandro",null,null,null,T73,null,4,-0.549,-0.46,null,null
"Gribble, Cody",null,null,null,null,null,4,0.215,0.994,null,null
"Lower, Justin",null,null,null,null,T60,4,0.166,0.21,null,null
"Yu, Kevin",null,null,null,null,T50,4,0.666,-0.062,null,null
"Soderberg, Sebastian",null,null,null,T68,null,4,-0.049,-0.525,null,null
"Catlin, John",CUT,null,null,null,CUT,4,-1.041,-0.634,null,null
"Cook, Austin",null,null,null,null,null,4,0.802,0.095,null,null
"Campbell, Brian",null,null,null,null,T55,4,0.416,0.752,null,null
"Schniederjans, Ollie",null,null,null,null,null,4,0.302,0.181,null,null
"Knapp, Jake",null,null,null,CUT,CUT,4,-0.345,-0.434,null,null
"Kaewkanjana, Sadom",null,CUT,CUT,null,null,4,-2.065,-1.067,null,null
"Paul, Yannik",null,null,T69,null,null,4,-0.615,-0.782,null,null
"Taylor, Ben",null,null,T69,null,null,4,-0.615,-0.237,null,null
"Tarren, Callum",null,null,T29,null,null,4,1.385,1.956,null,null
"Nakajima, Keita",null,null,null,CUT,CUT,4,-1.595,-1.64,null,null
"Kim, S.H.",null,null,null,T63,null,4,0.201,0.125,null,null
"Suh, Justin",null,null,T26,null,null,4,1.635,1.649,null,null
"McKibbin, Tom",null,null,null,null,T50,4,0.666,0.297,null,null
"Penge, Marco",null,null,null,null,T28,4,1.916,1.833,null,null
"Greyserman, Max",null,null,null,null,T33,4,1.666,1.355,null,null
"Aberg, Ludvig",null,null,null,CUT,CUT,4,-0.095,-1.603,null,null
"Smylie, Elvis",null,null,null,null,T72,4,-0.834,0.07,null,null
"Redman, Doc",null,null,null,null,null,4,1.631,1.455,null,null
"Ghim, Doug",null,null,null,T35,null,4,1.451,1.136,null,null
"Droemer, Jesse",null,null,CUT,null,CUT,4,-4.545,0.651,null,null
"Buckley, Hayden",null,null,T26,null,null,4,1.635,0.878,null,null
"Montgomery, Taylor",null,null,T65,null,null,4,-0.365,-0.569,null,null
"Bhatia, Akshay",null,null,null,CUT,CUT,4,-0.095,-0.745,null,null
"Thorbjornsen, Michael",null,null,null,null,T41,4,1.166,0.773,null,null
"Svensson, Jesper",null,null,null,T53,null,4,0.701,0.815,null,null
"Hall, Harry",null,null,null,null,T19,4,2.166,1.723,null,null
"Thompson, Davis",null,null,CUT,null,CUT,4,-0.795,-1.149,null,null
"Dunlap, Nick",null,null,null,CUT,CUT,4,-2.595,-1.669,null,null
"Highsmith, Joe",null,null,null,null,T8,4,2.666,2.658,null,null
"Gerard, Ryan",null,null,null,null,T8,4,2.666,2.196,null,null
"Johnson, Tom",null,null,null,null,CUT,2,-3.628,-0.775,null,null
"Randhawa, Jyoti",null,null,null,null,null,2,-1.203,-0.824,null,null
"Otto, Hennie",null,null,null,null,null,2,-1.203,-0.846,null,null
"Havret, Gregory",null,null,null,null,null,2,-0.953,-0.647,null,null
"Rumford, Brett",null,null,null,null,null,2,-1.315,-0.969,null,null
"Compton, Erik",null,null,null,null,null,2,0.119,0.208,null,null
"Miyazato, Yusaku",null,null,null,null,null,2,-6.032,-5.456,null,null
"Van Zyl, Jaco",null,null,null,null,null,2,-2.815,-2.247,null,null
"Blanks, Kris",null,null,null,null,null,2,-3.337,-3.179,null,null
"Strange, Scott",null,null,null,null,null,2,-0.703,-0.375,null,null
"Bettencourt, Matt",null,null,null,null,null,2,0.163,0.337,null,null
"Rock, Robert",null,null,null,null,null,2,-5.419,-4.844,null,null
"Hicks, Justin",null,null,null,null,CUT,2,-5.128,-1.456,null,null
"Lamely, Derek",null,null,null,null,null,2,-1.337,-0.721,null,null
"Karlberg, Rikard",null,null,null,null,null,2,-0.812,-0.822,null,null
"Brehm, Ryan",null,CUT,null,null,null,2,-2.166,-1.078,null,null
"Kim, Hyung-Sung",null,null,null,null,null,2,-1.881,-1.521,null,null
"Svoboda, Andrew",null,null,null,CUT,null,2,-1.061,1.284,null,null
"Kim, Whee",null,null,null,null,null,2,-0.532,-0.167,null,null
"Kim, Bio",null,CUT,null,null,null,2,-1.666,-0.676,null,null
"Hebert, Benjamin",null,null,null,null,null,2,-1.901,-1.761,null,null
"Bekker, Oliver",null,CUT,null,null,null,2,-2.666,-2.607,null,null
"Zhang, Xinjun",null,null,null,null,null,2,-0.401,-0.437,null,null
"Beljan, Charlie",null,null,null,null,null,2,-0.815,-0.163,null,null
"Gates, Bobby",null,null,null,null,CUT,2,-5.128,-1.851,null,null
"Strydom, Ockie",null,null,CUT,null,null,2,-3.463,-1.704,null,null
"Parry, John",null,null,null,null,CUT,2,-2.628,-2.182,null,null
"Samooja, Kalle",CUT,null,null,null,null,2,-1.953,-2.032,null,null
"Kozuma, Jinichiro",null,CUT,null,null,null,2,-0.666,0.274,null,null
"Lee, Soomin",null,null,null,null,null,2,-2.312,-1.093,null,null
"Kinoshita, Ryosuke",null,CUT,null,null,null,2,-3.166,-1.98,null,null
"Schwab, Matthias",null,null,null,null,null,2,-1.401,-2.27,null,null
"Broberg, Kristoffer",null,null,null,null,null,2,-1.812,-0.423,null,null
"Trainer, Martin",null,null,null,null,null,2,-0.322,0.43,null,null
"Norgaard, Niklas",null,null,null,null,CUT,2,-0.128,-0.544,null,null
"Inamori, Yuki",null,CUT,null,null,null,2,-1.666,-1.096,null,null
"Tokimatsu, Ryuko",null,null,null,null,null,2,-1.532,-1.238,null,null
"Ernst, Derek",null,null,null,null,null,2,-1.815,-1.067,null,null
"Ryder, Sam",null,null,CUT,null,null,2,-2.963,-2.563,null,null
"Sharma, Shubhankar",null,null,null,null,null,2,-1.032,-0.914,null,null
"Duncan, Tyler",null,null,null,null,null,2,-1.401,-1.352,null,null
"Shinkwin, Callum",null,null,CUT,null,null,2,-0.963,-0.696,null,null
"Kinhult, Marcus",null,null,null,null,null,2,-4.401,-3.803,null,null
"Hagy, Brandon",CUT,null,null,null,null,2,-3.453,-3.213,null,null
"Dunne, Paul",null,null,null,null,null,2,-2.532,-2.454,null,null
"Mullinax, Trey",null,null,CUT,null,null,2,-0.963,-0.489,null,null
"Rozner, Antoine",CUT,null,null,null,null,2,0.047,-0.209,null,null
"Micheluzzi, David",null,null,CUT,null,null,2,-1.463,-0.836,null,null
"Steger, Eric",null,null,null,null,CUT,2,-3.628,-0.571,null,null
"Ramey, Chad",null,CUT,null,null,null,2,-3.166,-2.798,null,null
"Hardy, Nick",null,null,CUT,null,null,2,-1.463,-1.432,null,null
"Bryan, Wesley",null,null,null,null,null,2,-1.868,-1.391,null,null
"Widing, Tim",null,null,null,CUT,null,2,-0.561,-0.813,null,null
"Geddes, Mark",CUT,null,null,null,null,2,-2.953,1.211,null,null
"Norrman, Vincent",null,null,null,CUT,null,2,-1.061,-0.793,null,null
"Bowser, Evan",null,null,null,CUT,null,2,-1.561,2.258,null,null
"Kartrude, Michael",null,null,null,null,null,2,-3.628,-0.029,null,null
"Novak, Andrew",null,null,null,null,CUT,2,-2.628,-3.512,null,null
"Hoey, Rico",null,null,null,null,CUT,2,-4.128,-4.573,null,null
"McGreevy, Max",null,null,null,null,CUT,2,-1.128,-1.337,null,null
"Neergaard-Petersen, Rasmus",null,null,null,null,CUT,2,0.372,-0.163,null,null
"Vilips, Karl",null,null,null,null,CUT,2,-4.128,-3.623,null,null
"Kobori, Kazuma",null,null,null,CUT,null,2,-4.061,-2.673,null,null
"Wiseman, Timothy",null,null,null,null,CUT,2,-5.128,0.349,null,null
"Fishburn, Patrick",null,null,null,null,CUT,2,-0.628,-0.426,null,null
"Wu, Brandon",null,null,CUT,null,null,2,-1.463,-1.904,null,null
"Chacarra, Eugenio",null,null,null,null,CUT,2,-0.628,-0.886,null,null
"Ogletree, Andy",null,null,null,CUT,null,2,-3.061,-2.188,null,null
"Cole, Preston",null,null,null,CUT,null,2,-8.061,-2.203,null,null
"Gotterup, Chris",null,null,null,CUT,null,2,-1.561,-1.781,null,null
"Van Velzen, Ryan",null,null,null,CUT,null,2,-2.061,-1.032,null,null
"McCarty, Matt",null,null,null,null,CUT,2,-0.628,-0.882,null,null
"Bridgeman, Jacob",null,null,null,null,CUT,2,-1.628,-2.112,null,null
"Keefer, Johnny",null,null,null,null,CUT,2,-2.128,-2.163,null,null
"Chi, Andre",null,null,null,null,null,2,-8.128,-3.583,null,null
