player_name,2021B (U.S. Open-2),2022 (U.S. Open),2023 (U.S. Open),2024 (U.S. Open),2025 (U.S. Open),rounds_played,historical_true_sg,versus_expected,ch_adjustment,experience_adjustment
"Garcia, Sergio",T19,CUT,T27,T12,null,74,1.535,0.241,null,null
"Scott, Adam",T35,T14,CUT,T32,T12,74,1.374,0.057,null,null
"Mickelson, Phil",T62,CUT,CUT,CUT,CUT,70,1.157,-0.065,null,null
"Johnson, Dustin",T19,T24,T10,CUT,CUT,64,1.981,0.468,null,null
"Furyk, Jim",null,CUT,null,null,null,62,1.722,0.506,null,null
"Johnson, Zach",CUT,null,null,null,null,60,0.759,-0.181,null,null
"Westwood, Lee",T46,null,null,null,null,58,1.622,0.655,null,null
"Kuchar, Matt",CUT,null,CUT,T50,null,58,1.268,0.112,null,null
"McIlroy, Rory",T7,T5,2,2,T19,58,2.441,0.49,null,null
"Casey, Paul",T7,null,null,null,null,57,1.079,0.037,null,null
"Els, Ernie",null,null,null,null,null,54,1.059,0.169,null,null
"Rose, Justin",CUT,T37,CUT,CUT,CUT,54,1.011,-0.339,null,null
"Kaymer, Martin",T26,null,CUT,T64,null,54,1.132,0.552,null,null
"Poulter, Ian",T40,null,null,null,null,53,0.939,0.049,null,null
"McDowell, Graeme",null,null,null,null,null,50,1.173,0.494,null,null
"Matsuyama, Hideki",T26,4,T32,6,T42,50,2.21,0.792,null,null
"Stricker, Steve",null,null,null,null,null,48,1.829,0.76,null,null
"Snedeker, Brandt",null,null,null,null,null,48,1.422,0.683,null,null
"Woodland, Gary",T50,T10,T49,CUT,CUT,48,0.736,0.104,null,null
"Spieth, Jordan",T19,T37,CUT,T41,T23,48,1.245,-0.164,null,null
"Stenson, Henrik",CUT,null,null,null,null,47,1.456,0.536,null,null
"Woods, Tiger",null,null,null,CUT,null,46,1.934,-0.076,null,null
"Cink, Stewart",T57,CUT,CUT,null,null,46,0.571,-0.312,null,null
"Cabrera, Angel",null,null,null,null,null,46,0.74,0.339,null,null
"Fowler, Rickie",null,null,T5,CUT,null,46,1.27,0.285,null,null
"Koepka, Brooks",T4,55,T17,T26,T12,46,2.554,1.479,null,null
"Watson, Bubba",T50,null,null,null,null,44,0.492,-0.55,null,null
"Schwartzel, Charl",T19,null,null,null,null,44,1.515,0.581,null,null
"Molinari, Francesco",T13,CUT,CUT,T64,null,44,0.864,0.139,null,null
"Day, Jason",null,null,CUT,CUT,T23,44,1.59,0.225,null,null
"Simpson, Webb",CUT,CUT,null,CUT,null,44,1.437,0.224,null,null
"Oosthuizen, Louis",2,CUT,null,null,null,43,2.202,1.268,null,null
"Dufner, Jason",null,null,null,null,null,42,1.326,0.577,null,null
"Lowry, Shane",T65,CUT,T20,T19,CUT,42,0.936,0.001,null,null
"Henley, Russell",T13,CUT,T14,T7,T10,42,1.305,0.635,null,null
"Reed, Patrick",T19,T49,T56,null,T23,42,1.796,0.767,null,null
"Fitzpatrick, Matt",T55,1,T17,T64,T38,42,1.474,0.513,null,null
"Donald, Luke",null,null,null,null,null,41,0.728,-0.561,null,null
"Goosen, Retief",null,null,null,null,null,40,1.526,0.608,null,null
"Glover, Lucas",null,null,null,CUT,CUT,40,0.151,-0.417,null,null
"Leishman, Marc",64,T14,null,null,T38,40,0.62,-0.095,null,null
"Horschel, Billy",CUT,CUT,T43,T41,null,40,0.993,0.326,null,null
"Bradley, Keegan",null,T7,CUT,T32,T33,40,0.535,-0.525,null,null
"English, Harris",3,T61,T8,T41,T59,40,1.216,0.494,null,null
"Ogilvy, Geoff",null,null,null,null,null,38,1.1,0.217,null,null
"Harrington, Padraig",null,null,T27,null,null,38,1.217,0.246,null,null
"Cantlay, Patrick",T15,T14,T14,T3,CUT,38,1.897,0.449,null,null
"DeChambeau, Bryson",T26,T56,T20,1,CUT,38,1.802,0.723,null,null
"Toms, David",null,null,null,null,null,37,0.975,0.122,null,null
"Harman, Brian",T19,T43,T43,T21,T59,36,1.27,0.526,null,null
"Berger, Daniel",T7,CUT,null,T21,T46,36,1.313,0.366,null,null
"Schauffele, Xander",T7,T14,T10,T7,T12,36,3.082,1.469,null,null
"Weir, Mike",null,null,null,null,null,34,1.609,1.065,null,null
"Hoffman, Charley",T57,null,T49,null,null,34,1.1,0.351,null,null
"Sabbatini, Rory",null,null,null,null,null,34,0.137,-0.715,null,null
"Fleetwood, Tommy",T50,CUT,T5,T16,CUT,34,1.828,0.611,null,null
"Thomas, Justin",T19,T37,CUT,CUT,CUT,34,0.874,-0.743,null,null
"Choi, K.J.",null,null,null,null,null,32,0.769,-0.259,null,null
"Van Pelt, Bo",null,null,null,null,null,32,0.605,-0.369,null,null
"Howell III, Charles",null,null,null,null,null,32,0.631,-0.112,null,null
"Na, Kevin",CUT,CUT,null,null,null,32,0.372,-0.392,null,null
"Finau, Tony",CUT,CUT,T32,T3,T38,32,1.829,0.564,null,null
"Grace, Branden",T7,CUT,null,null,null,32,1.197,0.46,null,null
"Smith, Cameron",CUT,CUT,4,T32,CUT,32,1.063,0.568,null,null
"Rahm, Jon",1,T12,T10,null,T7,32,2.21,0.254,null,null
"Singh, Vijay",null,null,null,null,null,30,1.424,-0.291,null,null
"Clark, Tim",null,null,null,null,null,30,1.612,0.74,null,null
"Cabrera Bello, Rafa",T50,null,null,null,null,30,0.894,0.405,null,null
"Haas, Bill",null,null,null,null,null,30,1.158,0.493,null,null
"Streelman, Kevin",T15,null,T49,null,null,30,0.456,0,null,null
"Hadwin, Adam",T40,T7,59,CUT,null,30,-0.092,-0.551,null,null
"Hatton, Tyrrell",CUT,T56,T27,T26,T4,30,1.301,0.098,null,null
"Ames, Stephen",null,null,null,null,null,28,0.873,0.079,null,null
"Baddeley, Aaron",null,null,null,null,null,28,0.374,-0.105,null,null
"Moore, Ryan",null,null,null,null,null,28,0.412,-0.196,null,null
"Mahan, Hunter",null,null,null,null,null,28,1.62,0.613,null,null
"Villegas, Camilo",null,null,null,null,null,28,0.115,-0.44,null,null
"Noren, Alex",null,CUT,CUT,CUT,null,28,0.081,-0.627,null,null
"Kisner, Kevin",T55,CUT,null,null,null,28,0.12,-0.498,null,null
"Chappell, Kevin",null,CUT,null,null,null,28,1.094,0.63,null,null
"Kim, Si Woo",T40,CUT,T39,T32,T42,28,0.884,-0.012,null,null
"Scheffler, Scottie",T7,T2,3,T41,T7,28,2.336,0.585,null,null
"Funk, Fred",null,null,null,null,null,26,0.644,0.615,null,null
"Love III, Davis",null,null,null,null,null,26,1.202,0.432,null,null
"Allenby, Robert",null,null,null,null,null,26,0.818,-0.346,null,null
"Holmes, J.B.",null,null,null,null,null,26,1.182,0.522,null,null
"Reavie, Chez",T40,null,null,null,null,26,0.86,0.94,null,null
"Kirk, Chris",null,null,CUT,T26,T12,26,0.01,-0.224,null,null
"Morikawa, Collin",T4,T5,T14,T14,T23,26,2.332,0.789,null,null
"Perry, Kenny",null,null,null,null,null,24,0.225,-0.46,null,null
"Jimenez, Miguel Angel",null,null,null,null,null,24,0.014,-0.412,null,null
"Karlsson, Robert",null,null,null,null,null,24,0.535,-0.038,null,null
"Campbell, Michael",null,null,null,null,null,24,-1.356,-0.15,null,null
"Leonard, Justin",null,null,null,null,null,24,0.794,0.037,null,null
"Henry, J.J.",null,null,null,null,null,24,-0.401,-0.775,null,null
"Curtis, Ben",null,null,null,null,null,24,0.178,-0.07,null,null
"Walker, Jimmy",T70,null,null,null,null,24,-0.259,-0.806,null,null
"Piercy, Scott",null,null,null,null,null,24,0.449,0.197,null,null
"Ishikawa, Ryo",CUT,null,63,CUT,null,24,-0.267,0.046,null,null
"An, Byeong Hun",null,null,null,CUT,CUT,24,-0.155,-0.954,null,null
"Hughes, Mackenzie",T15,T24,T49,CUT,T50,24,0.358,0.069,null,null
"Burns, Sam",CUT,T27,T32,T9,T7,24,1.635,0.829,null,null
"Kelly, Jerry",null,null,null,null,null,22,0.217,-0.613,null,null
"Senden, John",null,null,null,null,null,22,1.296,0.579,null,null
"Hanson, Peter",null,null,null,null,null,22,1.319,0.761,null,null
"Pettersson, Carl",null,null,null,null,null,22,0.993,0.346,null,null
"Watney, Nick",null,null,null,null,null,22,-0.026,-0.953,null,null
"Fox, Ryan",null,CUT,T43,T56,T19,22,0.205,-0.209,null,null
"Grillo, Emiliano",null,null,CUT,T41,T19,22,0.43,-0.319,null,null
"McCarthy, Denny",null,T7,T20,T32,T57,22,1.295,0.898,null,null
"Hovland, Viktor",WD,CUT,19,CUT,3,21,1.977,0.676,null,null
"Verplank, Scott",null,null,null,null,null,20,1.006,-0.18,null,null
"Hamilton, Todd",null,null,null,null,null,20,-0.413,0.178,null,null
"Taniguchi, Toru",null,null,null,null,null,20,-1.729,-0.772,null,null
"Appleby, Stuart",null,null,null,null,null,20,0.302,-0.586,null,null
"Pampling, Rod",null,null,null,null,null,20,-0.276,-0.996,null,null
"Immelman, Trevor",null,null,null,null,null,20,-0.085,-0.955,null,null
"Campbell, Chad",null,null,null,null,null,20,0.239,-0.425,null,null
"Palmer, Ryan",CUT,null,null,null,null,20,-0.861,-1.602,null,null
"Hicks, Justin",null,null,null,null,CUT,20,-1.592,-0.469,null,null
"Wiesberger, Bernd",CUT,null,null,null,null,20,0.239,-0.353,null,null
"Taylor, Nick",null,CUT,CUT,CUT,T23,20,0.548,0.755,null,null
"Hoge, Tom",T46,CUT,CUT,CUT,CUT,20,-0.216,-0.335,null,null
"Rodgers, Patrick",T31,T31,T32,null,null,20,1.236,0.843,null,null
"Im, Sungjae",T35,CUT,CUT,CUT,T57,20,0.505,-0.655,null,null
"Niemann, Joaquin",T31,T47,T32,null,CUT,20,0.954,-0.214,null,null
"Willett, Danny",null,null,null,null,null,19,0.193,-0.197,null,null
"Estes, Bob",null,null,null,null,null,18,0.294,-0.213,null,null
"Janzen, Lee",null,null,null,null,null,18,0.525,0.736,null,null
"Cejka, Alex",null,null,null,null,null,18,0.327,0.282,null,null
"Rollins, John",null,null,null,null,null,18,-0.302,-0.847,null,null
"Ogilvie, Joe",null,null,null,null,null,18,-0.913,-0.672,null,null
"Molinari, Edoardo",T35,null,null,CUT,CUT,18,0.211,0.56,null,null
"Axley, Eric",null,null,null,null,null,18,-0.421,0.974,null,null
"Wittenberg, Casey",null,null,null,null,null,18,0.08,0.414,null,null
"Mallinger, John",null,null,null,null,null,18,0.465,0.814,null,null
"Laird, Martin",CUT,null,null,null,null,18,0.422,-0.073,null,null
"Putnam, Michael",null,null,null,null,null,18,-0.279,0.175,null,null
"Stanley, Kyle",null,null,null,null,null,18,-0.893,-0.734,null,null
"Kokrak, Jason",CUT,CUT,null,null,null,18,0.427,0.193,null,null
"Todd, Brendon",CUT,null,null,T67,null,18,0.38,-0.043,null,null
"Wallace, Matt",CUT,null,null,null,T23,18,0.992,0.583,null,null
"Poston, J.T.",T40,null,CUT,T32,T33,18,0.414,-0.117,null,null
"Young, Cameron",CUT,CUT,T32,T67,T4,18,0.502,-0.177,null,null
"Conners, Corey",CUT,CUT,CUT,T9,WD,17,0.728,-0.395,null,null
"Mediate, Rocco",null,null,null,null,null,16,1.239,1.377,null,null
"Montgomerie, Colin",null,null,null,null,null,16,0.212,0.234,null,null
"Jobe, Brandt",null,null,null,null,null,16,0.846,0.296,null,null
"Duval, David",null,null,null,null,null,16,-0.132,1.35,null,null
"Sutherland, Kevin",null,null,null,null,null,16,-0.374,-0.525,null,null
"Barlow, Craig",null,null,null,null,null,16,-0.888,-0.752,null,null
"Imada, Ryuji",null,null,null,null,null,16,1.555,0.931,null,null
"Crane, Ben",null,null,null,null,null,16,-0.665,-1.527,null,null
"Points, D.A.",null,null,null,null,null,16,-0.864,-0.696,null,null
"Perez, Pat",null,null,null,null,null,16,0.71,0.146,null,null
"Weekley, Boo",null,null,null,null,null,16,0.028,-0.752,null,null
"O'Hair, Sean",null,null,null,null,null,16,1.269,0.187,null,null
"Fisher, Ross",null,null,CUT,null,null,16,0.813,0.421,null,null
"Steele, Brendan",CUT,null,null,null,null,16,1.032,0.344,null,null
"Manassero, Matteo",null,null,null,CUT,null,16,-0.059,-0.217,null,null
"Kim, Anthony",null,null,null,null,null,16,1.522,0.746,null,null
"Herman, Jim",null,null,null,CUT,null,16,-1.2,-0.509,null,null
"Stuard, Brian",CUT,CUT,null,null,null,16,-1.014,-1.064,null,null
"Vegas, Jhonattan",T57,null,null,null,T46,16,-0.074,-0.581,null,null
"Langley, Scott",null,null,null,null,null,16,1.208,1.483,null,null
"Lingmerth, David",null,T49,null,null,null,16,1.886,1.56,null,null
"Hossler, Beau",null,T53,null,CUT,null,16,-0.305,0.066,null,null
"Jaeger, Stephan",null,null,null,T21,CUT,16,0.106,0.144,null,null
"Van Rooyen, Erik",CUT,CUT,null,CUT,CUT,16,0.365,-0.204,null,null
"Pendrith, Taylor",CUT,null,CUT,T16,T38,16,1.385,0.721,null,null
"Bezuidenhout, Christiaan",T31,null,null,T32,T12,16,1.277,0.483,null,null
"Hardy, Nick",null,T14,T20,null,null,16,0.938,1.628,null,null
"Pavon, Matthieu",null,null,CUT,5,T64,16,0.551,0.925,null,null
"Munoz, Sebastian",CUT,T14,T49,null,null,16,0.266,-0.364,null,null
"Kim, Tom",null,23,T8,T26,T33,16,2.13,1.498,null,null
"Putnam, Andrew",null,T31,T43,null,null,15,0.537,0.409,null,null
"Levet, Thomas",null,null,null,null,null,14,-0.377,-0.32,null,null
"Pernice Jr., Tom",null,null,null,null,null,14,1.022,0.323,null,null
"Clarke, Darren",null,null,null,null,null,14,-1.574,-1.607,null,null
"Jacobson, Freddie",null,null,null,null,null,14,0.635,-0.241,null,null
"Micheel, Shaun",null,null,null,null,null,14,0.75,0.422,null,null
"Fujita, Hiroyuki",null,null,null,null,null,14,-0.196,-0.332,null,null
"Herron, Tim",null,null,null,null,null,14,0.647,-0.047,null,null
"Bjorn, Thomas",null,null,null,null,null,14,0.255,-0.357,null,null
"Gay, Brian",null,null,null,null,null,14,0.116,-0.559,null,null
"O'Hern, Nick",null,null,null,null,null,14,1.584,0.608,null,null
"Kjeldsen, Soren",null,null,null,null,null,14,-0.382,-0.643,null,null
"Yang, Y.E.",null,null,null,null,null,14,-0.419,-0.418,null,null
"Siem, Marcel",null,null,null,null,null,14,0.646,0.752,null,null
"Romero, Andres",null,null,null,null,null,14,0.763,0.845,null,null
"Bettencourt, Matt",null,null,null,null,null,14,0.485,1.14,null,null
"Kang, Sung",CUT,null,null,CUT,null,14,-0.594,0.001,null,null
"Svoboda, Andrew",null,null,CUT,CUT,null,14,-1.136,0.4,null,null
"Summerhays, Daniel",null,null,null,null,null,14,0.376,0.182,null,null
"Thompson, Michael",null,null,null,null,null,14,1.553,1.681,null,null
"Knox, Russell",null,null,null,null,null,14,1.327,0.668,null,null
"Pieters, Thomas",null,T27,CUT,null,null,14,0.51,-0.126,null,null
"Pope, Andy",CUT,null,null,null,null,14,-1.178,0.321,null,null
"Detry, Thomas",CUT,null,null,T14,T23,14,1.475,0.861,null,null
"Ortiz, Carlos",CUT,null,CUT,null,T4,14,0.318,0.013,null,null
"Griffin, Lanto",T35,CUT,null,null,CUT,14,0.523,0.141,null,null
"Pan, C.T.",null,null,null,null,null,14,-0.814,-0.661,null,null
"Lee, Min Woo",null,T27,T5,T21,CUT,14,1.927,1.254,null,null
"Straka, Sepp",null,CUT,CUT,T56,CUT,14,0.042,-0.512,null,null
"Homa, Max",CUT,T47,CUT,CUT,null,14,-0.508,-1.368,null,null
"Ancer, Abraham",CUT,null,T54,null,null,14,-0.053,-0.715,null,null
"Zalatoris, Will",CUT,T2,null,CUT,null,14,1.796,0.859,null,null
"Perez, Victor",CUT,CUT,CUT,CUT,T19,14,-0.554,-0.8,null,null
"Wise, Aaron",null,T27,CUT,null,null,14,0.056,-0.635,null,null
"MacIntyre, Robert",T35,null,null,CUT,2,14,1.301,0.642,null,null
"Clark, Wyndham",CUT,CUT,1,T56,CUT,14,1.482,0.572,null,null
"Jones, Matt",T65,null,null,null,null,13,-0.686,-1.084,null,null
"Maggert, Jeff",null,null,null,null,null,12,-0.173,-0.283,null,null
"Browne, Olin",null,null,null,null,null,12,0.541,0.766,null,null
"Goggin, Mathew",null,null,null,null,null,12,0.305,-0.196,null,null
"Singh, Jeev Milkha",null,null,null,null,null,12,-0.956,-0.57,null,null
"DiMarco, Chris",null,null,null,null,null,12,0.73,-0.198,null,null
"Hedblom, Peter",null,null,null,null,null,12,1.127,1.808,null,null
"Allan, Stephen",CUT,null,null,null,null,12,-0.936,-0.182,null,null
"Beem, Rich",null,null,null,null,null,12,-1.681,-1.472,null,null
"Hansen, Soren",null,null,null,null,null,12,-0.753,-0.861,null,null
"Bland, Richard",T50,T43,null,null,CUT,12,-0.441,-0.124,null,null
"Edfors, Johan",null,null,null,null,null,12,0.698,0.402,null,null
"Colsaerts, Nicolas",null,null,null,null,null,12,1.199,0.817,null,null
"Dougherty, Nick",null,null,null,null,null,12,0.604,0.196,null,null
"Fraser, Marcus",null,null,null,null,null,12,-0.746,-0.284,null,null
"Slocum, Heath",null,null,null,null,null,12,1.175,0.585,null,null
"Aiken, Thomas",CUT,null,null,null,null,12,-0.545,-0.285,null,null
"Marino, Steve",null,null,null,null,null,12,-1.954,-2.457,null,null
"List, Luke",null,CUT,CUT,null,null,12,-1.252,-1.374,null,null
"Levin, Spencer",null,null,null,null,null,12,0.168,0.075,null,null
"Wilson, Oliver",null,null,null,null,null,12,0.461,0.347,null,null
"Coetzee, George",null,null,null,null,null,12,-0.882,-1.307,null,null
"Hurley III, Billy",null,null,null,null,null,12,-0.951,-0.603,null,null
"Noh, S.Y.",null,null,null,null,null,12,0.822,0.687,null,null
"Castro, Roberto",null,null,null,null,null,12,-1.376,-1.378,null,null
"Merritt, Troy",T65,CUT,null,null,null,12,-0.749,-0.936,null,null
"Lee, K.H.",CUT,T37,CUT,null,null,12,-1.07,-1.496,null,null
"Hoffmann, Morgan",null,null,null,null,null,12,0.922,1.02,null,null
"Johnston, Andrew",null,null,null,null,null,12,0.318,0.029,null,null
"Hadley, Chesson",null,null,null,CUT,null,12,0.719,0.518,null,null
"Li, Haotong",null,null,null,null,null,12,-0.49,-0.831,null,null
"Blair, Zac",null,null,null,T26,CUT,12,-0.067,0.62,null,null
"Campbell, Brian",null,null,null,T56,CUT,12,-0.113,0.379,null,null
"Schenk, Adam",null,T24,CUT,CUT,T50,12,0.34,0.306,null,null
"Theegala, Sahith",CUT,null,T27,T32,null,12,0.399,-0.099,null,null
"Hagestad, Stewart",null,null,null,null,null,12,-2.494,-0.607,null,null
"Stevens, Sam",null,T49,T43,null,T23,12,1.058,0.783,null,null
"Bennett, Sam",null,T49,T43,72,null,12,-0.017,0.39,null,null
"Howell, David",null,null,null,null,null,11,0.063,-0.594,null,null
"Garrigus, Robert",null,null,null,null,null,11,0.446,0.446,null,null
"Couples, Fred",null,null,null,null,null,10,0.487,-0.757,null,null
"Haas, Jay",null,null,null,null,null,10,1.298,0.483,null,null
"Pavin, Corey",null,null,null,null,null,10,1.851,1.465,null,null
"Price, Nick",null,null,null,null,null,10,0.951,0.098,null,null
"Allen, Michael",null,null,null,null,null,10,-0.224,-0.128,null,null
"Lehman, Tom",null,null,null,null,null,10,-0.437,-1.02,null,null
"Hend, Scott",null,null,null,null,null,10,-1.113,0.053,null,null
"Chopra, Daniel",null,null,null,null,null,10,0.208,0.373,null,null
"Bryant, Bart",null,null,null,null,null,10,0.662,-0.252,null,null
"Olazabal, Jose Maria",null,null,null,null,null,10,0.33,-0.261,null,null
"Mayfair, Billy",null,null,null,null,null,10,-0.992,-0.93,null,null
"Austin, Woody",null,null,null,null,null,10,0.435,-0.15,null,null
"Katayama, Shingo",null,null,null,null,null,10,-0.495,0.264,null,null
"Fasth, Niclas",null,null,null,null,null,10,-0.607,-0.597,null,null
"Flesch, Steve",null,null,null,null,null,10,0.428,-0.068,null,null
"Sisk, Geoffrey",null,null,null,null,null,10,-1.36,0.111,null,null
"Jaidee, Thongchai",null,null,null,null,null,10,-0.35,-0.978,null,null
"Frazar, Harrison",null,null,null,null,null,10,-0.168,-0.377,null,null
"Gore, Jason",null,null,null,null,null,10,0.029,0.503,null,null
"McNeill, George",null,null,null,null,null,10,-1.459,-1.018,null,null
"Dyson, Simon",null,null,null,null,null,10,-1.003,-1.068,null,null
"Oberholser, Arron",null,null,null,null,null,10,1.665,0.668,null,null
"Barnes, Ricky",null,null,null,null,null,10,1.704,1.626,null,null
"Byrd, Jonathan",null,null,null,null,null,10,-1.259,-2.027,null,null
"Donaldson, Jamie",null,null,null,null,null,10,-0.517,-1.046,null,null
"Trahan, D.J.",null,null,null,null,null,10,0.142,0.133,null,null
"Hearn, David",null,null,null,null,null,10,-0.272,-0.332,null,null
"Brigman, D.J.",null,null,null,null,null,10,0.038,0.347,null,null
"Stadler, Kevin",null,null,null,null,null,10,-1.333,-1.217,null,null
"Allred, Jason",null,null,null,null,null,10,-1.161,0.063,null,null
"Kim, K.T.",null,null,null,null,null,10,0.319,-0.347,null,null
"Quiros, Alvaro",null,null,null,null,null,10,-0.2,-0.986,null,null
"Fdez-Castano, Gonzalo",null,null,null,null,null,10,-0.421,-0.748,null,null
"Stroud, Chris",null,null,null,null,null,10,-1.294,-0.901,null,null
"Bae, Sangmoon",null,null,null,null,null,10,-0.049,0.136,null,null
"Thompson, Nicholas",null,null,null,null,null,10,-0.161,0.139,null,null
"Lee, Danny",null,CUT,null,null,null,10,-0.955,-1.437,null,null
"Stallings, Scott",null,CUT,CUT,null,null,10,-0.442,-0.813,null,null
"Olesen, Thorbjorn",null,CUT,null,null,CUT,10,-1.593,-1.677,null,null
"Tringale, Cameron",null,T14,null,null,null,10,0.748,1.031,null,null
"Burmester, Dean",null,null,null,69,null,10,-0.297,-0.518,null,null
"Dahmen, Joel",null,T10,CUT,null,null,10,0.22,-0.195,null,null
"Kim, Chan",CUT,CUT,null,null,null,10,-1.48,-1.007,null,null
"Herbert, Lucas",null,CUT,CUT,null,null,10,-1.051,-0.9,null,null
"Naegel, Chris",null,T56,null,CUT,null,10,-0.924,0.429,null,null
"Migliozzi, Guido",T4,T14,null,null,CUT,10,1.246,1.679,null,null
"Kim, Michael",null,null,CUT,null,T50,10,0.748,0.509,null,null
"Duncan, Tyler",null,null,null,null,null,10,0.292,0.562,null,null
"Rai, Aaron",null,null,null,T19,T33,10,0.941,0.26,null,null
"Smith, Jordan",CUT,null,T20,null,T61,10,0.295,-0.164,null,null
"Hoshino, Rikuya",T26,CUT,null,CUT,null,10,-1.729,-1.286,null,null
"Riley, Davis",null,T31,null,null,CUT,10,-1.345,-1.402,null,null
"Cole, Eric",CUT,null,T39,CUT,CUT,10,-0.099,-0.228,null,null
"Greyserman, Max",null,null,null,T21,T23,10,1.341,1.735,null,null
"Sigg, Greyson",T62,null,null,T56,null,10,-1.206,-1.403,null,null
"Wu, Brandon",null,null,null,T70,null,10,-0.023,0.437,null,null
"Bhatia, Akshay",T57,null,null,T16,CUT,10,0.873,0.522,null,null
"Eckroat, Austin",null,null,T10,74,null,10,0.185,-0.147,null,null
"Thompson, Davis",null,null,CUT,T9,CUT,10,1.546,1.098,null,null
"Gerard, Ryan",null,CUT,T56,null,T50,10,0.009,0.134,null,null
"Moldovan, Maxwell",null,CUT,65,CUT,CUT,10,-2.185,-0.837,null,null
"Cook, John",null,null,null,null,null,8,1.478,1.437,null,null
"Jones, Steve",null,null,null,null,null,8,0.853,1.266,null,null
"Duke, Ken",null,null,null,null,null,8,0.583,0.164,null,null
"Armour III, Tommy",null,null,null,null,null,8,0.603,0.373,null,null
"Triplett, Kirk",null,null,null,null,null,8,0.634,0.329,null,null
"Parry, Craig",null,null,null,null,null,8,-1.739,-1.861,null,null
"Kendall, Skip",null,null,null,null,null,8,0.861,0.559,null,null
"Lonard, Peter",null,null,null,null,null,8,1.08,0.161,null,null
"Wilson, Dean",null,null,null,null,null,8,-0.505,-0.991,null,null
"Maruyama, Shigeki",null,null,null,null,null,8,2.58,1.597,null,null
"Hayes, J.P.",null,null,null,null,null,8,-0.428,0.24,null,null
"Quigley, Brett",null,null,null,null,null,8,-1.664,-2.414,null,null
"Gallacher, Stephen",null,null,null,null,null,8,-1.023,-1.009,null,null
"Jones, Kent",null,null,null,null,null,8,-0.014,-0.015,null,null
"Purdy, Ted",null,null,null,null,null,8,1.478,0.726,null,null
"Havret, Gregory",null,null,null,null,null,8,2.552,2.927,null,null
"Brehaut, Jeff",null,null,null,null,null,8,0.538,1.521,null,null
"Stiles, Darron",null,null,null,null,null,8,-1.388,-1.351,null,null
"Compton, Erik",null,null,null,null,null,8,0.263,0.414,null,null
"Ferrie, Kenneth",null,null,null,null,null,8,1.873,2.729,null,null
"Khan, Simon",null,null,null,null,null,8,-1.031,-0.46,null,null
"Slattery, Lee",null,null,null,null,null,8,-0.031,0.679,null,null
"Miyazato, Yusaku",null,null,null,null,null,8,0.42,1.036,null,null
"Yano, Azuma",null,null,null,null,null,8,-1.045,0.139,null,null
"Presnell, Alistair",null,null,null,null,null,8,0.19,0.751,null,null
"Wilkinson, Tim",null,null,null,null,null,8,0.019,0.528,null,null
"Mills, Jon",null,null,null,null,null,8,0.465,0.643,null,null
"Warren, Marc",null,null,null,null,null,8,0.616,0.758,null,null
"Martin Benavides, Pablo",null,null,null,null,null,8,-0.65,-0.183,null,null
"Rock, Robert",null,null,null,CUT,null,8,-0.111,0.132,null,null
"Bourdy, Gregory",null,null,null,null,null,8,0.663,0.476,null,null
"Oppenheim, Rob",null,null,null,null,null,8,-0.145,0.522,null,null
"Ikeda, Yuta",null,null,null,null,null,8,-0.2,-0.095,null,null
"De Jonge, Brendon",null,null,null,null,null,8,1.35,0.68,null,null
"Merrick, John",null,null,null,null,null,8,0.541,0.485,null,null
"Power, Seamus",null,T12,CUT,CUT,null,8,1.099,0.297,null,null
"Williams, Lee",null,null,null,null,null,8,-1.569,1.339,null,null
"Saunders, Sam",null,null,null,null,null,8,-0.227,0.321,null,null
"Uihlein, Peter",null,null,null,null,null,8,0.012,-0.65,null,null
"Hahn, James",null,null,null,null,CUT,8,-0.656,-0.286,null,null
"Lovemark, Jamie",null,null,null,null,null,8,1.847,1.322,null,null
"Bjerregaard, Lucas",null,null,null,null,null,8,-1.191,-1.173,null,null
"McGowan, Ross",null,null,null,null,null,8,-0.206,0.067,null,null
"Aphibarnrat, Kiradech",null,null,null,null,null,8,-0.131,-0.503,null,null
"Fathauer, Derek",null,null,null,null,null,8,0.71,1.962,null,null
"Beljan, Charlie",null,null,null,null,null,8,-0.252,1.314,null,null
"Tway, Kevin",null,null,null,null,null,8,-0.826,0.741,null,null
"Imahira, Shugo",null,null,null,null,null,8,-1.686,-1.737,null,null
"Kodaira, Satoshi",null,CUT,null,null,null,8,-0.743,-0.578,null,null
"Parry, John",null,null,null,null,null,8,0.35,1.075,null,null
"Svensson, Adam",null,null,T60,T56,null,8,-0.416,-0.902,null,null
"Martin, Ben",null,null,null,null,null,8,-1.48,-0.564,null,null
"Cauley, Bud",null,null,null,null,CUT,8,-0.378,-1.005,null,null
"Bramlett, Joseph",null,T37,null,null,null,8,0.015,0.564,null,null
"Levy, Alexander",null,null,null,null,null,8,-0.787,-1.255,null,null
"Pepperell, Eddie",null,null,null,null,null,8,0.048,0.781,null,null
"Sullivan, Andy",null,null,null,null,null,8,0.866,0.465,null,null
"Peterson, John",null,null,null,null,null,8,0.94,0.877,null,null
"Wilson, Cameron",null,null,null,null,null,8,-1.21,-0.278,null,null
"Hubbard, Mark",null,null,null,T50,CUT,8,-0.255,-0.675,null,null
"Langasque, Romain",null,null,T54,null,null,8,0.861,0.608,null,null
"Gribble, Cody",null,null,null,null,null,8,0.684,1.925,null,null
"Davis, Cam",null,null,CUT,CUT,T64,8,-2.006,-2.196,null,null
"McNealy, Maverick",null,null,null,null,37,8,0.249,0.255,null,null
"Schniederjans, Ollie",null,null,null,null,null,8,0.269,0.478,null,null
"Horsfield, Sam",null,CUT,null,null,null,8,-1.518,-1.237,null,null
"Maguire, Jack",null,null,null,null,null,8,0.347,0.89,null,null
"Kitayama, Kurt",null,CUT,CUT,CUT,null,8,-0.428,-0.618,null,null
"Suh, Justin",CUT,null,T27,null,null,8,0.121,0.643,null,null
"Echavarria, Nico",null,null,CUT,54,CUT,8,-0.116,0.351,null,null
"Champ, Cameron",CUT,null,null,null,null,8,-0.07,0.095,null,null
"Wu, Dylan",T31,null,T32,null,null,8,1.43,1.615,null,null
"Gagne, Luis",CUT,null,null,null,null,8,-0.497,0.97,null,null
"Buckley, Hayden",CUT,T14,CUT,null,null,8,-0.25,-0.131,null,null
"Montgomery, Taylor",T57,CUT,CUT,null,null,8,-0.353,-0.185,null,null
"Wolff, Matthew",T15,null,null,null,null,8,3.47,2.877,null,null
"Thorbjornsen, Michael",null,CUT,CUT,null,null,8,-2.249,-0.641,null,null
"Gotterup, Chris",null,T43,null,null,T23,8,1.427,1.269,null,null
"Dunlap, Nick",null,CUT,CUT,CUT,CUT,8,-1.704,-0.604,null,null
"Puig, David",null,null,T39,55,null,8,0.709,0.803,null,null
"Green, Richard",null,null,null,null,null,6,-0.306,-1.243,null,null
"Fukabori, Keiichiro",null,null,null,null,null,6,-0.306,0.195,null,null
"Wilson, Mark",null,null,null,null,null,6,-0.207,-0.24,null,null
"Davis, Brian",null,null,null,null,null,6,-1.661,-1.095,null,null
"Yokoo, Kaname",null,null,null,null,null,6,-1.354,0.363,null,null
"Liang, WC",null,null,null,null,null,6,-1.385,-0.758,null,null
"Tanihara, Hideto",null,null,null,null,null,6,0.07,-0.28,null,null
"Ormsby, Wade",T40,null,null,null,null,6,0.148,0.91,null,null
"Sim, Michael",null,null,null,null,null,6,0.778,0.252,null,null
"Collins, Chad",null,null,null,null,null,6,0.251,0.692,null,null
"Potter Jr, Ted",null,null,null,null,null,6,-1.347,-1.748,null,null
"Kapur, Shiv",null,null,null,null,null,6,0.716,1.204,null,null
"Luiten, Joost",null,null,null,null,null,6,0.846,0.051,null,null
"Mueller, Jesse",null,null,null,null,null,6,-1.276,0.661,null,null
"Ramsay, Richie",null,null,null,null,null,6,-0.429,0.262,null,null
"Dinwiddie, Robert",null,null,null,null,null,6,-0.018,0.987,null,null
"Frittelli, Dylan",T46,null,null,null,null,6,-0.83,-1.233,null,null
"Wood, Chris",null,null,null,null,null,6,1.07,0.327,null,null
"McGirt, William",null,null,null,null,null,6,-0.504,-1.111,null,null
"Lahiri, Anirban",null,null,null,null,null,6,-1.777,-1.744,null,null
"Baldwin, Matthew",null,null,null,null,null,6,-0.144,0.82,null,null
"Gates, Bobby",null,null,null,null,null,6,-0.945,0.184,null,null
"Kizzire, Patton",null,CUT,null,null,null,6,-2.166,-1.966,null,null
"Meronk, Adrian",CUT,null,CUT,CUT,null,6,-1.493,-2.142,null,null
"Murray, Grayson",null,63,null,null,null,6,-3.592,-2.195,null,null
"Streb, Robert",null,null,null,null,null,6,0.568,-0.09,null,null
"Lewis, Tom",null,null,null,null,null,6,-1.128,-0.89,null,null
"Long, Adam",null,null,null,null,null,6,0.917,0.984,null,null
"Guthrie, Luke",null,null,null,null,null,6,-1.421,-1.436,null,null
"Kohles, Ben",null,null,null,T56,null,6,-0.646,-0.014,null,null
"NeSmith, Matt",null,T37,null,null,null,6,0.163,0.038,null,null
"Paratore, Renato",null,null,null,null,null,6,0.464,0.62,null,null
"Barjon, Paul",CUT,null,CUT,null,null,6,-0.455,0.12,null,null
"Varner III, Harold",null,CUT,null,null,null,6,-1.716,-1.478,null,null
"Mitchell, Keith",null,null,T20,null,null,6,1.077,0.484,null,null
"Spaun, J.J.",CUT,null,null,null,1,6,2.11,1.602,null,null
"Lower, Justin",null,null,null,T50,CUT,6,-2.405,-2.284,null,null
"Yu, Kevin",null,null,null,null,null,6,-1.76,-1.055,null,null
"Lawrence, Thriston",null,null,CUT,null,T12,6,1.797,2.202,null,null
"Soderberg, Sebastian",null,T53,null,null,null,6,-0.094,0.692,null,null
"Gooch, Talor",null,CUT,null,null,null,6,-1.302,-1.282,null,null
"Grimmer, Will",null,null,null,null,null,6,-2.594,0.286,null,null
"Mullinax, Trey",null,null,null,null,null,6,1.756,1.785,null,null
"Pereira, Mito",null,CUT,CUT,null,null,6,-0.467,-0.956,null,null
"Kanaya, Takumi",null,null,null,CUT,CUT,6,-0.543,-0.623,null,null
"Hammer, Cole",CUT,null,null,null,null,6,-3.397,-1.081,null,null
"Tarren, Callum",null,T31,null,null,null,6,0.384,1.028,null,null
"Capan III, Frankie",null,null,CUT,T41,null,6,-0.519,-0.191,null,null
"Barbaree, Philip",null,null,null,null,66,6,-3.142,-1.153,null,null
"Crawford, Chris",CUT,null,null,null,null,6,-2.597,0.456,null,null
"Arnaus, Adri",null,CUT,null,null,null,6,-0.248,-0.049,null,null
"Novak, Andrew",null,CUT,null,null,T42,6,0.301,-0.182,null,null
"Meyer, Dylan",CUT,null,null,null,null,6,-0.193,0.821,null,null
"Hojgaard, Rasmus",null,null,null,null,T46,6,-0.387,-0.988,null,null
"Aberg, Ludvig",null,null,null,T12,CUT,6,2.095,0.292,null,null
"Nienaber, Wilco",T68,null,CUT,null,null,6,-0.891,-0.485,null,null
"Summerhays, Preston",null,null,CUT,null,CUT,6,-1.988,-0.77,null,null
"Salinda, Isaiah",null,CUT,null,T32,null,6,-0.682,0.135,null,null
"Sargent, Gordon",null,null,T39,CUT,null,6,-0.091,-0.45,null,null
"Langer, Bernhard",null,null,null,null,null,4,1.322,0.932,null,null
"Daly, John",null,null,null,null,null,4,-0.428,-0.345,null,null
"Leaney, Stephen",null,null,null,null,null,4,0.588,-0.287,null,null
"Jones, Brendan",null,null,null,null,null,4,-1.268,-1.508,null,null
"Takayama, Tadahiro",null,null,null,null,null,4,-1.311,-0.242,null,null
"Heffernan, Wes",null,null,null,null,null,4,-2.985,-1.534,null,null
"Van Zyl, Jaco",null,null,null,null,null,4,-1.593,-1.852,null,null
"Norris, Shaun",null,CUT,null,null,null,4,-0.772,-0.276,null,null
"Walters, Justin",null,null,null,null,null,4,-0.002,0.602,null,null
"Teater, Josh",null,null,null,null,null,4,0.174,-0.517,null,null
"Blixt, Jonas",null,CUT,null,null,null,4,-2.377,-1.892,null,null
"Flanagan, Nick",null,null,null,null,null,4,-3.806,-1.802,null,null
"Gomez, Fabian",T70,null,null,null,null,4,-2.211,-0.851,null,null
"Larrazabal, Pablo",null,null,CUT,null,null,4,-1.882,-1.963,null,null
"Karlberg, Rikard",null,null,null,null,null,4,-2.717,-1.793,null,null
"Besseling, Wil",null,T56,null,null,null,4,-0.468,-0.38,null,null
"Blaum, Ryan",null,null,null,null,null,4,-0.196,0.855,null,null
"Brehm, Ryan",null,null,null,null,null,4,-0.083,-0.105,null,null
"Overton, Jeff",null,null,null,null,null,4,-0.485,-1.071,null,null
"Nagano, Ryutaro",null,null,T20,null,null,4,1.821,2.928,null,null
"Harding, Justin",null,null,null,null,null,4,-1.357,-1.336,null,null
"Lashley, Nate",null,null,null,null,null,4,1.748,1.849,null,null
"Morrison, James",null,null,null,null,null,4,-3.081,-2.27,null,null
"Horsey, David",null,null,CUT,null,null,4,-5.314,-4.103,null,null
"Garnett, Brice",null,null,null,null,null,4,-2.346,-1.772,null,null
"McCarthy, Dan",null,null,null,null,null,4,-3.199,-1.449,null,null
"Kim, Do-Hoon X.",null,null,null,null,null,4,1.265,1.461,null,null
"Kim, Whee",null,null,null,null,null,4,0.417,0.099,null,null
"Pavan, Andrea",null,null,null,null,CUT,4,-2.711,-2,null,null
"Kim, Bio",null,null,null,null,null,4,0.924,1.773,null,null
"Enoch, Rhys",null,null,null,null,null,4,-0.252,1.278,null,null
"Kieffer, Max",null,null,null,null,null,4,-2.93,-2.716,null,null
"Block, Michael",null,null,null,null,null,4,-4.327,-0.601,null,null
"Waring, Paul",null,null,null,null,null,4,-1.185,-1.056,null,null
"Scrivener, Jason",null,null,null,CUT,null,4,0.259,0.78,null,null
"Wattel, Romain",null,null,null,null,null,4,-0.828,-0.936,null,null
"Madsen, Morten Orum",null,null,null,null,null,4,1.674,2.302,null,null
"Baker, Chris",T26,null,null,null,null,4,1.789,2.715,null,null
"Landry, Andrew",null,null,null,null,null,4,2.172,2.57,null,null
"Alexander, Tyson",null,null,null,null,null,4,-1.006,1.76,null,null
"Sloan, Roger",null,CUT,CUT,null,null,4,-0.745,-0.078,null,null
"Hoag, Bo",CUT,CUT,null,null,null,4,-2.776,-2.398,null,null
"Kozuma, Jinichiro",null,CUT,null,null,CUT,4,-2.074,-1.532,null,null
"Swafford, Hudson",null,null,null,null,null,4,-0.054,-0.209,null,null
"Canter, Laurie",null,null,null,null,T55,4,0.321,0.136,null,null
"Malnati, Peter",CUT,null,null,CUT,null,4,-1.114,-0.979,null,null
"Southgate, Matthew",CUT,null,null,null,null,4,-0.689,-0.451,null,null
"Stone, Brandon",null,null,null,null,null,4,1.167,1.451,null,null
"Diaz, Roberto",null,null,null,null,CUT,4,-2.521,-1.425,null,null
"Harkins, Brandon",null,null,null,null,null,4,-0.328,1.351,null,null
"Norgaard, Niklas",null,null,null,null,T46,4,0.821,0.557,null,null
"Lindheim, Nicholas",null,null,null,null,null,4,-0.139,0.472,null,null
"Ryder, Sam",CUT,null,null,null,null,4,-0.472,-0.255,null,null
"Sinnott, Todd",null,T31,null,null,null,4,1.282,2.829,null,null
"Daffue, MJ",null,T31,null,null,null,4,1.282,1.318,null,null
"Sullivan, Ryan",null,null,null,null,null,4,-5.125,-1.764,null,null
"Sordet, Clement",null,null,null,null,null,4,-0.502,0.295,null,null
"Miller, Michael",null,null,null,null,null,4,-2.707,-1.47,null,null
"Gunn, Jimmy",null,null,null,null,null,4,1.526,2.793,null,null
"Truslow, Austen",null,null,CUT,null,CUT,4,-1.33,0.839,null,null
"Kinhult, Marcus",null,null,null,null,null,4,1.498,2.109,null,null
"McCormick, Ryan",null,null,null,null,T50,4,0.571,1.495,null,null
"Shelton, Robby",CUT,null,null,null,null,4,-2.412,-2.191,null,null
"Lamb, Rick",T46,null,null,null,null,4,0.789,1.73,null,null
"Werenski, Richy",null,null,null,null,null,4,-2.435,-2.667,null,null
"Knapp, Jake",null,null,null,CUT,null,4,-2.495,-1.515,null,null
"Dougherty, Kevin",null,null,null,null,null,4,-1.083,2.407,null,null
"Schaake, Carson",CUT,null,null,CUT,null,4,-4.114,0.238,null,null
"Katsuragawa, Yuto",null,null,58,null,null,4,-0.179,0.415,null,null
"Kim, S.H.",null,null,null,T56,null,4,0.097,0.088,null,null
"Widing, Tim",null,null,null,T41,null,4,1.097,0.901,null,null
"Cone, Trevor",null,null,null,null,T42,4,1.071,1.717,null,null
"Moore, Taylor",null,null,CUT,CUT,null,4,-0.333,-0.969,null,null
"McKibbin, Tom",null,null,null,T41,null,4,1.097,0.67,null,null
"Kawamoto, Riki",null,null,null,CUT,CUT,4,-3.912,-2.669,null,null
"Matthews, Brandon",null,60,null,null,null,4,-1.218,-0.338,null,null
"Westmoreland, Kyle",T68,null,null,null,null,4,-0.961,2.487,null,null
"Hojgaard, Nicolai",null,null,null,T50,null,4,0.847,0.511,null,null
"Neergaard-Petersen, Rasmus",null,null,null,null,T12,4,2.571,1.866,null,null
"Mansell, Richard",null,CUT,null,CUT,null,4,-2.078,-2.087,null,null
"Reiter, Charles",null,CUT,null,CUT,null,4,-5.078,-1.748,null,null
"Strafaci, Tyler",CUT,null,null,null,null,4,-2.189,0.011,null,null
"Ghim, Doug",null,null,null,null,CUT,4,-2.738,-2.92,null,null
"Griffin, Ben",null,null,null,null,T10,4,2.821,1.53,null,null
"DeMorat, Mickey",null,null,null,null,null,4,0.366,2.354,null,null
"Hill, Calum",null,null,null,null,null,4,0.116,3.114,null,null
"Ortiz, Alvaro",CUT,null,null,null,CUT,4,-4.36,-3.063,null,null
"Nicholas, James",null,null,null,null,T61,4,-0.679,0.727,null,null
"Solomon, Jacob",null,null,T60,null,null,4,-0.929,-0.134,null,null
"Pak, John",null,null,null,null,null,4,0.151,1.041,null,null
"Potgieter, Aldrich",null,null,64,null,null,4,-1.679,-0.888,null,null
"Meissner, Mac",null,null,CUT,CUT,null,4,-1.083,-1.139,null,null
"Highsmith, Joe",CUT,null,null,null,CUT,4,-1.61,-0.643,null,null
"Shore, Davis",CUT,CUT,null,null,null,4,-1.526,1.443,null,null
"Bairstow, Sam",null,null,null,CUT,CUT,4,-2.162,-1.874,null,null
"McCarty, Matt",null,CUT,null,null,CUT,4,-2.574,-2.398,null,null
"Suber, Jackson",null,null,null,73,null,4,-1.403,-0.504,null,null
"Greaser, Austin",null,T61,null,null,null,4,-1.468,-0.265,null,null
"Calkins, Brady",null,null,null,null,null,4,-5.574,-2.23,null,null
"Vick, Travis",null,T43,null,null,null,4,0.782,1.352,null,null
"James, Ben",null,null,null,null,null,4,0.338,0.684,null,null
"Carr, Ben",null,null,62,null,null,4,-1.179,0.151,null,null
"Morales, Omar",null,null,CUT,CUT,null,4,-1.583,0.082,null,null
"Valdes, Brendan",null,null,CUT,CUT,null,4,-4.333,-2.971,null,null
"Hastings, Justin",null,null,null,null,T55,4,0.321,1.671,null,null
"Shipley, Neal",null,null,null,T26,null,4,1.597,2.813,null,null
"Clanton, Luke",null,null,null,T41,null,4,1.097,0.78,null,null
"Broin, Gunnar",null,null,null,T70,null,4,-0.903,2.473,null,null
"Buchanan, Jackson",null,null,null,CUT,CUT,4,-0.162,1.076,null,null
"Keefer, Johnny",null,null,null,null,T61,4,-0.679,-1.042,null,null
"Frost, David",null,null,null,null,null,2,-0.595,0.916,null,null
"Blake, Jay Don",null,null,null,null,null,2,-2.34,0.119,null,null
"Kaye, Jonathan",null,null,null,null,null,2,0.022,-0.392,null,null
"Bransdon, David",null,null,null,null,null,2,-1.567,-0.081,null,null
"Chalmers, Greg",null,null,null,null,null,2,-1.05,-1.226,null,null
"Atwal, Arjun",null,null,null,null,null,2,-0.095,-0.135,null,null
"Fichardt, Darren",null,null,null,null,null,2,-2.088,-1.015,null,null
"Randhawa, Jyoti",null,null,null,null,null,2,-0.564,-0.42,null,null
"Barr, Scott",null,null,null,null,null,2,-1.55,0.074,null,null
"Kennedy, Brad",CUT,null,null,null,null,2,-2.311,-0.639,null,null
"Pilkadaris, Terry",null,null,null,null,null,2,-3.595,-1.742,null,null
"Ueda, Yui",null,null,null,null,null,2,-5.84,-4.182,null,null
"Ridings, Tag",null,null,null,null,null,2,-1.064,-1.061,null,null
"Sterne, Richard",null,null,null,null,null,2,-0.68,-0.488,null,null
"Bowditch, Steven",null,null,null,null,null,2,-4.847,-2.493,null,null
"Tsukada, Yoshinobu",null,null,null,null,null,2,-4.34,-2.819,null,null
"Gutschewski, Scott",null,null,null,null,null,2,-1.878,-1.163,null,null
"Que, Angelo",null,null,null,null,null,2,-0.378,0.994,null,null
"Dobyns, Matt",null,null,null,null,null,2,-0.014,3.367,null,null
"Masuda, Nobuhiro",null,null,null,null,null,2,-0.588,3.258,null,null
"Lee, D.H.",null,null,null,null,null,2,-3.558,-2.976,null,null
"Kai, Shintaro",null,null,null,null,null,2,-5.878,-3.464,null,null
"Kamte, James",null,null,null,null,null,2,-0.378,0.444,null,null
"Armour, Ryan",null,null,CUT,null,null,2,-1.751,-0.948,null,null
"Lamely, Derek",null,null,null,null,null,2,-4.595,-4.098,null,null
"Kim, Daehyun",null,null,null,null,null,2,-3.05,-2.704,null,null
"Lorenzo-Vera, Michael",null,null,null,null,null,2,-0.804,-0.87,null,null
"Henson, Berry",null,null,CUT,null,null,2,-3.251,-1.44,null,null
"Fisher, Oliver",null,null,null,null,null,2,-1.514,-1.119,null,null
"Goya, Estanislao",null,null,null,null,null,2,-2.34,-1.295,null,null
"Muthiya, Madalitso",null,null,null,null,null,2,-5.064,-3.661,null,null
"Burgoon, Bronson",null,null,null,null,null,2,-3.878,-2.699,null,null
"Kim, Hyung-Sung",null,null,null,null,null,2,-2.014,-2.311,null,null
"Stegmaier, Brett",null,null,null,null,null,2,-2.514,-1.33,null,null
"Norlander, Henrik",null,null,null,null,null,2,-1.514,-0.735,null,null
"Etulain, Julian",null,null,null,null,null,2,-0.411,0.39,null,null
"Ichihara, Kodai",null,null,null,null,null,2,-4.411,-2.886,null,null
"Sonoda, Shunsuke",null,null,null,null,null,2,-2.575,-1.196,null,null
"Schneider, Marcel",null,CUT,null,null,null,2,-6.24,-5.853,null,null
"Asaji, Yosuke",CUT,null,null,null,null,2,-1.811,-0.175,null,null
"Boyd, Gary",null,null,null,null,null,2,-1.595,-1.061,null,null
"Bekker, Oliver",null,null,null,null,null,2,-2.133,-1.517,null,null
"Baek, Seuk-hyun",null,null,null,null,null,2,-5.075,-3.62,null,null
"Stal, Gary",null,null,null,null,null,2,0.153,0.765,null,null
"Farr, Oliver",null,null,null,null,null,2,-2.075,-0.733,null,null
"Akiyoshi, Shota",null,null,null,null,null,2,-4.567,-3.73,null,null
"Kawamura, Masahiro",null,null,null,null,null,2,-0.575,0.354,null,null
"Dantorp, Jens",null,null,CUT,null,null,2,-1.751,-0.455,null,null
"Samooja, Kalle",null,CUT,null,null,null,2,0.26,0.903,null,null
"Charoenkul, Gunn",null,null,CUT,null,null,2,-1.751,-0.378,null,null
"Higgs, Harry",null,null,null,CUT,null,2,-2.416,-1.793,null,null
"Janewattananond, Jazz",null,null,null,null,null,2,-0.804,-0.274,null,null
"Vincent, Scott",null,null,null,null,CUT,2,0.091,0.408,null,null
"Park, Sung Joon",null,null,null,null,null,2,-1.567,1.642,null,null
"Izumida, Daijiro",null,CUT,null,null,null,2,-2.74,-1.478,null,null
"Cappelen, Sebastian",null,null,null,null,null,2,-4.575,-3.994,null,null
"Lagergren, Joakim",null,null,null,null,CUT,2,-5.409,-4.403,null,null
"Chin, John",null,null,null,CUT,null,2,-3.416,-1.356,null,null
"Miernicki, Daniel",null,null,null,null,null,2,-0.133,2.053,null,null
"Barnes, Erik",null,CUT,null,null,null,2,0.26,0.178,null,null
"Crick, Brandon",null,null,null,null,null,2,-4.84,-3.129,null,null
"Hall, Gavin",null,null,null,null,null,2,-0.84,0.669,null,null
"Hwang, Junggon",null,null,null,null,null,2,-1.84,-1.437,null,null
"Otaegui, Adrian",null,null,null,null,null,2,-0.804,-0.651,null,null
"Schwab, Matthias",null,null,null,null,null,2,-2.804,-3.117,null,null
"Horikawa, Mikumu",null,null,null,null,null,2,-1.411,-0.898,null,null
"Johnson, Michael",CUT,null,null,null,null,2,-0.811,0.65,null,null
"Drewitt, Brett",null,null,null,null,null,2,-3.911,-2.788,null,null
"Tabuena, Miguel",null,null,null,null,null,2,-3.347,-2.229,null,null
"Wang, Jeunghun",null,null,null,null,null,2,-1.133,-0.964,null,null
"Jenkins, Carter",null,null,null,CUT,null,2,-2.416,-1.745,null,null
"Vazquez, Sebastian",null,null,null,null,null,2,-0.067,2.033,null,null
"Oda, John",null,null,null,null,null,2,-3.633,-2.957,null,null
"Haley II, Paul",null,null,CUT,null,null,2,-2.751,-1.955,null,null
"Forrest, Grant",null,null,null,CUT,null,2,-3.416,-2.358,null,null
"Goss, Oliver",null,null,null,null,null,2,-4.014,-2.775,null,null
"Luck, Curtis",null,null,null,null,null,2,-1.304,-0.118,null,null
"Watt, Brady",null,null,null,null,null,2,-2.514,-0.853,null,null
"Kruyswijk, Jacques",null,null,null,null,CUT,2,-0.409,-0.142,null,null
"Sharma, Shubhankar",null,null,null,null,null,2,-0.067,-0.194,null,null
"Fischer, Zack",null,null,null,null,null,2,-4.34,-1.998,null,null
"Silverman, Ben",null,CUT,null,null,null,2,-0.24,1.308,null,null
"Seiffert, Chase",null,CUT,null,null,null,2,-2.24,-2.193,null,null
"Stalter, Joel",null,null,null,null,null,2,-1.133,-0.326,null,null
"Halvorsen, Andreas",null,null,null,null,null,2,-5.411,-4.352,null,null
"Armitage, Marcus",CUT,null,null,null,null,2,0.189,0.025,null,null
"Sugiyama, Tomoyasu",null,CUT,null,null,null,2,-3.74,-1.939,null,null
"Ritchie, JC",null,null,null,null,null,2,-1.804,-0.308,null,null
"Smalley, Alex",null,null,null,null,null,2,-0.133,1.333,null,null
"Dorn, Andrew",null,null,null,null,null,2,-6.514,-3.901,null,null
"Hagy, Brandon",null,null,null,null,null,2,-2.575,-2.101,null,null
"Dunne, Paul",null,null,null,null,null,2,-0.633,-0.55,null,null
"Neil, Bradley",null,null,null,null,null,2,-1.575,0.621,null,null
"Evans, Ryan",null,null,null,null,null,2,-3.067,-2.435,null,null
"Kozan, Andrew",CUT,null,null,null,null,2,0.189,2.053,null,null
"McGowan, Michael",null,null,null,CUT,null,2,-2.416,1.751,null,null
"Forsstrom, Simon",null,null,CUT,null,null,2,-0.251,0.259,null,null
"Jones, Kyle",null,null,null,null,null,2,-2.075,-0.991,null,null
"Paul, Yannik",null,CUT,null,null,null,2,-2.74,-2.227,null,null
"Pereira, Corey",null,null,CUT,null,null,2,-1.751,0.18,null,null
"Veerman, Johannes",CUT,null,null,null,null,2,-0.311,0.294,null,null
"Schmid, Matti",CUT,null,null,null,null,2,-2.311,-0.463,null,null
"Shimizu, Taisei",null,null,null,CUT,null,2,0.084,0.219,null,null
"Nakajima, Keita",null,CUT,null,null,null,2,-1.74,-0.924,null,null
"Bryan, Wesley",null,null,null,null,null,2,-6.133,-6.138,null,null
"Hillier, Daniel",null,null,null,null,null,2,-1.911,0.413,null,null
"Reitan, Kristoffer",null,null,null,null,null,2,-4.067,-1.927,null,null
"Bard, Derek",null,null,null,null,null,2,-3.847,-2.282,null,null
"Mack III, Willie",null,null,null,CUT,null,2,-2.416,-0.39,null,null
"Lebioda, Hank",null,null,CUT,null,null,2,-8.251,-7.306,null,null
"Springer, Hayden",CUT,null,null,null,null,2,-1.311,1.26,null,null
"Dumont De Chassart, Adrien",null,CUT,null,null,null,2,-1.24,-0.178,null,null
"Beck, Evan",null,null,null,null,null,2,-0.909,1.578,null,null
"Syme, Connor",null,null,null,null,null,2,-0.804,-0.887,null,null
"Del Rey, Alejandro",null,null,CUT,null,null,2,-1.751,-1.047,null,null
"Black, Otto",null,null,null,CUT,null,2,-6.416,-1.959,null,null
"Norrman, Vincent",null,null,CUT,null,null,2,0.249,-0.239,null,null
"Morgan, Jediah",null,CUT,null,null,null,2,-5.74,-2.895,null,null
"Rebula, Jovan",null,null,null,null,null,2,-0.411,1.083,null,null
"Grant, Brent",null,null,CUT,null,null,2,-1.251,-0.876,null,null
"Gazzolo, David",null,null,null,null,null,2,-3.567,0.045,null,null
"Sugrue, James",null,null,null,null,null,2,-4.304,-1.374,null,null
"Thornberry, Braden",null,null,null,null,null,2,0.433,0.779,null,null
"Hoey, Rico",null,null,null,CUT,null,2,-0.416,0.158,null,null
"Andersen, Mason",null,null,null,null,null,2,0.367,3.524,null,null
"Lee, Walker",null,null,null,null,null,2,-8.633,-5.067,null,null
"Crocker, Sean",null,CUT,null,null,null,2,-6.74,-5.877,null,null
"Nyfjall, David",null,null,CUT,null,null,2,-1.751,0.284,null,null
"Young, Carson",null,null,CUT,null,null,2,-3.251,-3.114,null,null
"Scott, Sandy",null,null,null,null,null,2,-0.304,1.149,null,null
"Ellis, Harry",null,null,null,null,null,2,-4.567,-1.495,null,null
"LaCroix, Frederic",null,null,null,null,CUT,2,-1.909,-1.719,null,null
"Valimaki, Sami",null,null,null,null,null,2,-2.804,-1.838,null,null
"Gumberg, Jordan",null,null,CUT,null,null,2,-1.251,1.079,null,null
"Sugiura, Yuta",null,null,null,null,CUT,2,-5.409,-4.176,null,null
"Fernandez De Oliveira, Mateo",null,null,CUT,null,null,2,-2.251,-0.748,null,null
"Vilips, Karl",null,null,CUT,null,null,2,-2.751,-1.474,null,null
"Higgo, Garrick",CUT,null,null,null,null,2,-0.311,-0.936,null,null
"Robinson Thompson, Brandon",null,null,null,CUT,null,2,0.084,1.336,null,null
"Kjettrup, Frederik",null,null,null,CUT,null,2,0.084,1.268,null,null
"Goodwin, Noah",null,null,null,null,null,2,-4.567,-1.98,null,null
"Blanchet, Chandler",null,null,null,null,CUT,2,-1.409,-0.63,null,null
"Docherty, Alistair",null,null,null,null,CUT,2,-4.409,-3.785,null,null
"Grey, J.J.",null,null,CUT,null,null,2,-0.251,2.408,null,null
"Ban, Shintaro",null,null,null,null,null,2,-4.567,-4.165,null,null
"Bergeron, Jacob",null,null,null,null,null,2,-3.067,-0.822,null,null
"Humphrey, Theo",null,null,null,null,null,2,-3.067,-2.371,null,null
"Lumsden, Ryan",null,null,null,null,null,2,-4.067,-2.109,null,null
"Wiseman, Timothy",null,null,null,null,null,2,-4.067,1.144,null,null
"Hodges, Lee",null,null,null,null,null,2,-2.304,-2.5,null,null
"Schaake, Alex",null,null,CUT,null,null,2,-3.751,-0.861,null,null
"Johnson, Chase",null,null,null,null,CUT,2,-4.409,-1.867,null,null
"Tai, Hiroshi",null,null,null,null,null,2,-1.416,-0.144,null,null
"Petefish, Christopher",null,null,null,CUT,null,2,-1.416,0.442,null,null
"Jordan, Matthew",null,null,null,null,CUT,2,-2.409,-2.461,null,null
"Biondi, Fred",null,CUT,null,null,null,2,-3.74,-2.354,null,null
"Furr, Wilson",CUT,null,null,null,null,2,-5.811,-3.612,null,null
"Germishuys, Deon",null,null,CUT,null,null,2,-0.751,0.08,null,null
"Cover, Patrick",null,null,CUT,null,null,2,0.249,1.337,null,null
"Ding, Wenyi",null,null,CUT,null,null,2,-2.751,-1.356,null,null
"Augenstein, John",null,null,null,null,null,2,-0.304,0.485,null,null
"Chacarra, Eugenio",null,null,null,CUT,null,2,-0.916,-0.157,null,null
"Osborne, Ollie",CUT,null,null,null,null,2,-0.311,3.012,null,null
"Phillips, Trent",null,null,null,null,CUT,2,-0.409,0.358,null,null
"Jarvis, Casey",null,null,null,CUT,null,2,-2.416,-1.515,null,null
"Mcclean, Matthew",null,null,null,null,null,2,-3.751,-1.164,null,null
"Hall, Harry",null,CUT,null,null,null,2,-3.24,-2.901,null,null
"Duangmanee, George",null,null,null,null,CUT,2,-12.909,-9.867,null,null
"Yang, Alexander",null,null,null,null,null,2,-4.751,-0.15,null,null
"Ogletree, Andy",null,null,null,null,null,2,0.196,1.39,null,null
"Ralston, Spencer",CUT,null,null,null,null,2,-0.311,1.978,null,null
"Kneiser, George",null,null,null,null,CUT,2,-5.409,-1.886,null,null
"Rousaud, Eduard",null,null,null,null,null,2,-6.304,-4.032,null,null
"Velo, Kevin",null,null,null,null,CUT,2,-0.409,0.283,null,null
"Gannon, Luke",null,CUT,null,null,null,2,-5.74,-1.673,null,null
"Castillo, Ricky",null,null,null,null,null,2,-1.804,-1.621,null,null
"Long, Joe",CUT,null,null,null,null,2,-2.811,-0.032,null,null
"Gonzalez, Emilio",null,null,null,null,CUT,2,-1.409,-0.955,null,null
"Tankersley, Cameron",null,null,null,null,null,2,-2.409,-0.194,null,null
"Coody, Pierceson",CUT,null,null,null,null,2,-1.811,-1.146,null,null
"Sharpstene, Matt",CUT,null,null,null,null,2,-1.811,1.168,null,null
"Ballester, Jose Luis",null,null,null,null,CUT,2,-1.409,-0.451,null,null
"Amat, Bastien",null,null,CUT,null,null,2,-1.251,1.417,null,null
"De La Fuente, Santiago",null,null,null,CUT,null,2,-3.416,-2.396,null,null
"Brennan, Michael",null,null,CUT,null,null,2,-2.751,-1.722,null,null
"Piot, James",null,CUT,null,null,null,2,0.26,2.165,null,null
"McAllister, Logan",null,null,null,CUT,null,2,-1.416,-0.205,null,null
"Bridgeman, Jacob",null,null,null,null,CUT,2,-0.409,-0.949,null,null
"Vrzich, Joey",null,null,null,CUT,null,2,-1.416,0.081,null,null
"Beckler, Andrew",null,null,null,null,null,2,-2.24,0.894,null,null
"Lorenz, Ben",null,CUT,null,null,null,2,-4.24,-1.438,null,null
"Mouw, William",null,CUT,null,null,null,2,-2.24,-1.156,null,null
"Ott, Harrison",null,null,null,null,CUT,2,-2.409,0.402,null,null
"Brown, Barclay",null,null,CUT,null,null,2,-0.751,0.529,null,null
"Chandler, Will",null,null,null,null,CUT,2,-6.409,-5.191,null,null
"Herrera, Joey",null,null,null,null,null,2,-1.909,2.611,null,null
"McCulloch, Ashton",null,null,null,null,null,2,-1.916,-0.095,null,null
"Koivun, Jackson",null,null,null,null,null,2,0.591,0.256,null,null
"Prater, Colin",null,null,null,null,null,2,-5.416,-1.728,null,null
"Williams, Wells",null,null,null,null,null,2,-2.416,-0.599,null,null
"Bell, Parker",null,null,null,null,null,2,-0.416,1.621,null,null
"Kim, Bryan",null,null,null,null,null,2,0.084,2.667,null,null
"Lewis, Riley",null,null,null,null,CUT,2,-0.909,0.899,null,null
"Gutschewski, Trevor",null,null,null,null,null,2,-5.409,-0.128,null,null
"Kent, Noah",null,null,null,null,null,2,-2.909,-0.073,null,null
"La Sasso, Michael",null,null,null,null,CUT,2,-0.409,-0.024,null,null
"Lee, Bryan",null,null,null,null,null,2,-3.409,-1.131,null,null
"Haefner, Grant",null,null,null,null,CUT,2,-4.409,-0.171,null,null
"Harris, Frankie",null,null,null,null,null,2,-0.409,1.588,null,null
"Howell, Mason",null,null,null,null,null,2,-1.909,0.733,null,null
"Simpson, Lance",null,null,null,null,null,2,-1.409,0.065,null,null
"Weaver, Tyler",null,null,null,null,null,2,0.091,1.735,null,null
"Vogt, Matt",null,null,null,null,null,2,-6.909,-2.141,null,null
"Pollo, Zachery",null,null,null,null,null,2,-3.409,-1.492,null,null
"Bremner, Merrick",null,null,null,null,null,2,-6.411,-4.488,null,null
"Tibbits, Spencer",null,null,null,null,null,2,0.089,3.048,null,null
"Bauchou, Zach",null,null,null,null,WD,1,-3.483,-2.64,null,null
